,,,,Labels (version 2003 except in italics = version 1999),,,,NUTS ,Sorting order ,,
,Code 1999,Code 2003,Country,NUTS level 1,NUTS level 2,NUTS level 3,Change,level,of countries,NUTS 1999,NUTS 2003
1,BE,BE,BELGIQUE-BELGIË ,,,,,0,1,1,1
2,BE1,BE1,,RÉGION DE BRUXELLES-CAPITALE / BRUSSELS HOOFDSTEDELIJK GEWEST,,,,1,1,2,2
3,BE1,BE10,,,Région de Bruxelles-Capitale / Brussels Hoofdstedelijk Gewest,,Code change,2,1,3,3
4,BE1,BE100,,,,Arr.  de Bruxelles-Capitale / Arr. van Brussel-Hoofdstad,Code change,3,1,4,4
5,BE2,BE2,,VLAAMS GEWEST ,,,,1,1,5,5
6,BE21,BE21,,,Prov.  Antwerpen ,,,2,1,6,6
7,BE211,BE211,,,,Arr. Antwerpen ,,3,1,7,7
8,BE212,BE212,,,,Arr. Mechelen ,,3,1,8,8
9,BE213,BE213,,,,Arr. Turnhout ,,3,1,9,9
10,BE22,BE22,,,Prov. Limburg (B),,,2,1,10,10
11,BE221,BE221,,,,Arr. Hasselt,,3,1,11,11
12,BE222,BE222,,,,Arr. Maaseik,,3,1,12,12
13,BE223,BE223,,,,Arr. Tongeren,,3,1,13,13
14,BE23,BE23,,,Prov. Oost-Vlaanderen,,,2,1,14,14
15,BE231,BE231,,,,Arr. Aalst,,3,1,15,15
16,BE232,BE232,,,,Arr. Dendermonde,,3,1,16,16
17,BE233,BE233,,,,Arr. Eeklo,,3,1,17,17
18,BE234,BE234,,,,Arr. Gent,,3,1,18,18
19,BE235,BE235,,,,Arr. Oudenaarde,,3,1,19,19
20,BE236,BE236,,,,Arr. Sint-Niklaas,,3,1,20,20
21,BE24,BE24,,,Prov. Vlaams-Brabant,,,2,1,21,21
22,BE241,BE241,,,,Arr. Halle-Vilvoorde ,,3,1,22,22
23,BE242,BE242,,,,Arr. Leuven ,,3,1,23,23
24,BE25,BE25,,,Prov. West-Vlaanderen,,,2,1,24,24
25,BE251,BE251,,,,Arr. Brugge,,3,1,25,25
26,BE252,BE252,,,,Arr. Diksmuide,,3,1,26,26
27,BE253,BE253,,,,Arr. Ieper,,3,1,27,27
28,BE254,BE254,,,,Arr. Kortrijk,,3,1,28,28
29,BE255,BE255,,,,Arr. Oostende,,3,1,29,29
30,BE256,BE256,,,,Arr. Roeselare,,3,1,30,30
31,BE257,BE257,,,,Arr. Tielt,,3,1,31,31
32,BE258,BE258,,,,Arr. Veurne,,3,1,32,32
33,BE3,BE3,,RÉGION WALLONNE,,,,1,1,33,33
34,BE31,BE31,,,Prov. Brabant Wallon,,,2,1,34,34
35,BE31,BE310,,,,Arr. Nivelles,Code change,3,1,35,35
36,BE32,BE32,,,Prov. Hainaut ,,,2,1,36,36
37,BE321,BE321,,,,Arr. Ath ,,3,1,37,37
38,BE322,BE322,,,,Arr. Charleroi ,,3,1,38,38
39,BE323,BE323,,,,Arr. Mons ,,3,1,39,39
40,BE324,BE324,,,,Arr. Mouscron ,,3,1,40,40
41,BE325,BE325,,,,Arr. Soignies ,,3,1,41,41
42,BE326,BE326,,,,Arr. Thuin ,,3,1,42,42
43,BE327,BE327,,,,Arr. Tournai ,,3,1,43,43
44,BE33,BE33,,,Prov. Liège ,,,2,1,44,44
45,BE331,BE331,,,,Arr. Huy ,,3,1,45,45
46,BE332,BE332,,,,Arr. Liège ,,3,1,46,46
47,BE333,BE333,,,,Arr. Verviers ,,3,1,47,47
48,BE334,BE334,,,,Arr. Waremme ,,3,1,48,48
49,BE34,BE34,,,Prov. Luxembourg (B) ,,,2,1,49,49
50,BE341,BE341,,,,Arr. Arlon ,,3,1,50,50
51,BE342,BE342,,,,Arr. Bastogne ,,3,1,51,51
52,BE343,BE343,,,,Arr. Marche-en-Famenne ,,3,1,52,52
53,BE344,BE344,,,,Arr. Neufchâteau ,,3,1,53,53
54,BE345,BE345,,,,Arr. Virton ,,3,1,54,54
55,BE35,BE35,,,Prov. Namur ,,,2,1,55,55
56,BE351,BE351,,,,Arr. Dinant ,,3,1,56,56
57,BE352,BE352,,,,Arr. Namur,,3,1,57,57
58,BE353,BE353,,,,Arr. Philippeville ,,3,1,58,58
59,,BEZ,,EXTRA-REGIO,,,New region,1,1,,59
60,,BEZZ,,,Extra-Regio,,New region,2,1,,60
61,,BEZZZ,,,,Extra-Regio,New region,3,1,,61
62,DK,DK,DANMARK,,,,,0,2,59,62
63,DK,DK0,,DANMARK,,,Code change,1,2,60,63
64,DK,DK00,,,Danmark,,Code change,2,2,61,64
65,DK001,DK001,,,,København og Frederiksberg kommuner,,3,2,62,65
66,DK002,DK002,,,,Københavns amt ,,3,2,63,66
67,DK003,DK003,,,,Frederiksborg amt ,,3,2,64,67
68,DK004,DK004,,,,Roskilde amt ,,3,2,65,68
69,DK005,DK005,,,,Vestsjællands amt ,,3,2,66,69
70,DK006,DK006,,,,Storstrøms amt ,,3,2,67,70
71,DK007,DK007,,,,Bornholms amt ,,3,2,68,71
72,DK008,DK008,,,,Fyns amt ,,3,2,69,72
73,DK009,DK009,,,,Sønderjyllands amt ,,3,2,70,73
74,DK00A,DK00A,,,,Ribe amt ,,3,2,71,74
75,DK00B,DK00B,,,,Vejle amt ,,3,2,72,75
76,DK00C,DK00C,,,,Ringkøbing amt ,,3,2,73,76
77,DK00D,DK00D,,,,Århus amt ,,3,2,74,77
78,DK00E,DK00E,,,,Viborg amt ,,3,2,75,78
79,DK00F,DK00F,,,,Nordjyllands amt ,,3,2,76,79
80,,DKZ,,EXTRA-REGIO,,,New region,1,2,,80
81,,DKZZ,,,Extra-Regio,,New region,2,2,,81
82,,DKZZZ,,,,Extra-Regio,New region,3,2,,82
83,DE,DE,DEUTSCHLAND ,,,,,0,3,77,83
84,DE1,DE1,,BADEN-WÜRTTEMBERG ,,,,1,3,78,84
85,DE11,DE11,,,Stuttgart ,,,2,3,79,85
86,DE111,DE111,,,,"Stuttgart, Stadtkreis ",,3,3,80,86
87,DE112,DE112,,,,Böblingen ,,3,3,81,87
88,DE113,DE113,,,,Esslingen ,,3,3,82,88
89,DE114,DE114,,,,Göppingen ,,3,3,83,89
90,DE115,DE115,,,,Ludwigsburg ,,3,3,84,90
91,DE116,DE116,,,,Rems-Murr-Kreis ,,3,3,85,91
92,DE117,DE117,,,,"Heilbronn, Stadtkreis ",,3,3,86,92
93,DE118,DE118,,,,"Heilbronn, Landkreis ",,3,3,87,93
94,DE119,DE119,,,,Hohenlohekreis ,,3,3,88,94
95,DE11A,DE11A,,,,Schwäbisch Hall ,,3,3,89,95
96,DE11B,DE11B,,,,Main-Tauber-Kreis ,,3,3,90,96
97,DE11C,DE11C,,,,Heidenheim ,,3,3,91,97
98,DE11D,DE11D,,,,Ostalbkreis ,,3,3,92,98
99,DE12,DE12,,,Karlsruhe ,,,2,3,93,99
100,DE121,DE121,,,,"Baden-Baden, Stadtkreis ",,3,3,94,100
101,DE122,DE122,,,,"Karlsruhe, Stadtkreis ",,3,3,95,101
102,DE123,DE123,,,,"Karlsruhe, Landkreis ",,3,3,96,102
103,DE124,DE124,,,,Rastatt ,,3,3,97,103
104,DE125,DE125,,,,"Heidelberg, Stadtkreis ",,3,3,98,104
105,DE126,DE126,,,,"Mannheim, Stadtkreis ",,3,3,99,105
106,DE127,DE127,,,,Neckar-Odenwald-Kreis ,,3,3,100,106
107,DE128,DE128,,,,Rhein-Neckar-Kreis ,,3,3,101,107
108,DE129,DE129,,,,"Pforzheim, Stadtkreis ",,3,3,102,108
109,DE12A,DE12A,,,,Calw ,,3,3,103,109
110,DE12B,DE12B,,,,Enzkreis ,,3,3,104,110
111,DE12C,DE12C,,,,Freudenstadt ,,3,3,105,111
112,DE13,DE13,,,Freiburg ,,,2,3,106,112
113,DE131,DE131,,,,"Freiburg im Breisgau, Stadtkreis ",,3,3,107,113
114,DE132,DE132,,,,Breisgau-Hochschwarzwald ,,3,3,108,114
115,DE133,DE133,,,,Emmendingen ,,3,3,109,115
116,DE134,DE134,,,,Ortenaukreis ,,3,3,110,116
117,DE135,DE135,,,,Rottweil ,,3,3,111,117
118,DE136,DE136,,,,Schwarzwald-Baar-Kreis,,3,3,112,118
119,DE137,DE137,,,,Tuttlingen ,,3,3,113,119
120,DE138,DE138,,,,Konstanz ,,3,3,114,120
121,DE139,DE139,,,,Lörrach ,,3,3,115,121
122,DE13A,DE13A,,,,Waldshut ,,3,3,116,122
123,DE14,DE14,,,Tübingen ,,,2,3,117,123
124,DE141,DE141,,,,Reutlingen ,,3,3,118,124
125,DE142,DE142,,,,"Tübingen, Landkreis ",,3,3,119,125
126,DE143,DE143,,,,Zollernalbkreis ,,3,3,120,126
127,DE144,DE144,,,,"Ulm, Stadtkreis ",,3,3,121,127
128,DE145,DE145,,,,Alb-Donau-Kreis ,,3,3,122,128
129,DE146,DE146,,,,Biberach ,,3,3,123,129
130,DE147,DE147,,,,Bodenseekreis ,,3,3,124,130
131,DE148,DE148,,,,Ravensburg ,,3,3,125,131
132,DE149,DE149,,,,Sigmaringen ,,3,3,126,132
133,DE2,DE2,,BAYERN ,,,,1,3,127,133
134,DE21,DE21,,,Oberbayern ,,,2,3,128,134
135,DE211,DE211,,,,"Ingolstadt, Kreisfreie Stadt ",,3,3,129,135
136,DE212,DE212,,,,"München, Kreisfreie Stadt ",,3,3,130,136
137,DE213,DE213,,,,"Rosenheim, Kreisfreie Stadt ",,3,3,131,137
138,DE214,DE214,,,,Altötting ,,3,3,132,138
139,DE215,DE215,,,,Berchtesgadener Land,,3,3,133,139
140,DE216,DE216,,,,Bad Tölz-Wolfratshausen,,3,3,134,140
141,DE217,DE217,,,,Dachau ,,3,3,135,141
142,DE218,DE218,,,,Ebersberg ,,3,3,136,142
143,DE219,DE219,,,,Eichstätt ,,3,3,137,143
144,DE21A,DE21A,,,,Erding ,,3,3,138,144
145,DE21B,DE21B,,,,Freising ,,3,3,139,145
146,DE21C,DE21C,,,,Fürstenfeldbruck ,,3,3,140,146
147,DE21D,DE21D,,,,Garmisch-Partenkirchen,,3,3,141,147
148,DE21E,DE21E,,,,Landsberg a. Lech,,3,3,142,148
149,DE21F,DE21F,,,,Miesbach ,,3,3,143,149
150,DE21G,DE21G,,,,Mühldorf a. Inn,,3,3,144,150
151,DE21H,DE21H,,,,"München, Landkreis ",,3,3,145,151
152,DE21I,DE21I,,,,Neuburg-Schrobenhausen ,,3,3,146,152
153,DE21J,DE21J,,,,Pfaffenhofen a. d. Ilm,,3,3,147,153
154,DE21K,DE21K,,,,"Rosenheim, Landkreis ",,3,3,148,154
155,DE21L,DE21L,,,,Starnberg ,,3,3,149,155
156,DE21M,DE21M,,,,Traunstein ,,3,3,150,156
157,DE21N,DE21N,,,,Weilheim-Schongau,,3,3,151,157
158,DE22,DE22,,,Niederbayern ,,,2,3,152,158
159,DE221,DE221,,,,"Landshut, Kreisfreie Stadt ",,3,3,153,159
160,DE222,DE222,,,,"Passau, Kreisfreie Stadt ",,3,3,154,160
161,DE223,DE223,,,,"Straubing, Kreisfreie Stadt",,3,3,155,161
162,DE224,DE224,,,,Deggendorf ,,3,3,156,162
163,DE225,DE225,,,,Freyung-Grafenau ,,3,3,157,163
164,DE226,DE226,,,,Kelheim ,,3,3,158,164
165,DE227,DE227,,,,"Landshut, Landkreis ",,3,3,159,165
166,DE228,DE228,,,,"Passau, Landkreis ",,3,3,160,166
167,DE229,DE229,,,,Regen ,,3,3,161,167
168,DE22A,DE22A,,,,Rottal-Inn ,,3,3,162,168
169,DE22B,DE22B,,,,Straubing-Bogen ,,3,3,163,169
170,DE22C,DE22C,,,,Dingolfing-Landau,,3,3,164,170
171,DE23,DE23,,,Oberpfalz ,,,2,3,165,171
172,DE231,DE231,,,,"Amberg, Kreisfreie Stadt ",,3,3,166,172
173,DE232,DE232,,,,"Regensburg, Kreisfreie Stadt ",,3,3,167,173
174,DE233,DE233,,,,"Weiden i. d. OPf.,Kreisfreie Stadt",,3,3,168,174
175,DE234,DE234,,,,Amberg-Sulzbach ,,3,3,169,175
176,DE235,DE235,,,,Cham ,,3,3,170,176
177,DE236,DE236,,,,Neumarkt i. d. OPf. ,,3,3,171,177
178,DE237,DE237,,,,Neustadt a. d. Waldnaab,,3,3,172,178
179,DE238,DE238,,,,"Regensburg, Landkreis ",,3,3,173,179
180,DE239,DE239,,,,Schwandorf ,,3,3,174,180
181,DE23A,DE23A,,,,Tirschenreuth ,,3,3,175,181
182,DE24,DE24,,,Oberfranken ,,,2,3,176,182
183,DE241,DE241,,,,"Bamberg, Kreisfreie Stadt ",,3,3,177,183
184,DE242,DE242,,,,"Bayreuth, Kreisfreie Stadt ",,3,3,178,184
185,DE243,DE243,,,,"Coburg, Kreisfreie Stadt ",,3,3,179,185
186,DE244,DE244,,,,"Hof, Kreisfreie Stadt ",,3,3,180,186
187,DE245,DE245,,,,"Bamberg, Landkreis ",,3,3,181,187
188,DE246,DE246,,,,"Bayreuth, Landkreis ",,3,3,182,188
189,DE247,DE247,,,,"Coburg, Landkreis ",,3,3,183,189
190,DE248,DE248,,,,Forchheim ,,3,3,184,190
191,DE249,DE249,,,,"Hof, Landkreis ",,3,3,185,191
192,DE24A,DE24A,,,,Kronach ,,3,3,186,192
193,DE24B,DE24B,,,,Kulmbach ,,3,3,187,193
194,DE24C,DE24C,,,,Lichtenfels ,,3,3,188,194
195,DE24D,DE24D,,,,Wunsiedel i. Fichtelgebirge,,3,3,189,195
196,DE25,DE25,,,Mittelfranken ,,,2,3,190,196
197,DE251,DE251,,,,"Ansbach, Kreisfreie Stadt",,3,3,191,197
198,DE252,DE252,,,,"Erlangen, Kreisfreie Stadt ",,3,3,192,198
199,DE253,DE253,,,,"Fürth, Kreisfreie Stadt ",,3,3,193,199
200,DE254,DE254,,,,"Nürnberg, Kreisfreie Stadt",,3,3,194,200
201,DE255,DE255,,,,"Schwabach, Kreisfreie Stadt ",,3,3,195,201
202,DE256,DE256,,,,"Ansbach, Landkreis ",,3,3,196,202
203,DE257,DE257,,,,Erlangen-Höchstadt ,,3,3,197,203
204,DE258,DE258,,,,"Fürth, Landkreis ",,3,3,198,204
205,DE259,DE259,,,,Nürnberger Land,,3,3,199,205
206,DE25A,DE25A,,,,Neustadt a. d. Aisch-Bad Windsheim,,3,3,200,206
207,DE25B,DE25B,,,,Roth ,,3,3,201,207
208,DE25C,DE25C,,,,Weißenburg-Gunzenhausen,,3,3,202,208
209,DE26,DE26,,,Unterfranken ,,,2,3,203,209
210,DE261,DE261,,,,"Aschaffenburg, Kreisfreie Stadt ",,3,3,204,210
211,DE262,DE262,,,,"Schweinfurt, Kreisfreie Stadt ",,3,3,205,211
212,DE263,DE263,,,,"Würzburg, Kreisfreie Stadt ",,3,3,206,212
213,DE264,DE264,,,,"Aschaffenburg, Landkreis ",,3,3,207,213
214,DE265,DE265,,,,Bad Kissingen ,,3,3,208,214
215,DE266,DE266,,,,Rhön-Grabfeld,,3,3,209,215
216,DE267,DE267,,,,Haßberge,,3,3,210,216
217,DE268,DE268,,,,Kitzingen ,,3,3,211,217
218,DE269,DE269,,,,Miltenberg,,3,3,212,218
219,DE26A,DE26A,,,,Main-Spessart ,,3,3,213,219
220,DE26B,DE26B,,,,"Schweinfurt, Landkreis",,3,3,214,220
221,DE26C,DE26C,,,,"Würzburg, Landkreis ",,3,3,215,221
222,DE27,DE27,,,Schwaben ,,,2,3,216,222
223,DE271,DE271,,,,"Augsburg, Kreisfreie Stadt ",,3,3,217,223
224,DE272,DE272,,,,"Kaufbeuren, Kreisfreie Stadt ",,3,3,218,224
225,DE273,DE273,,,,"Kempten (Allgäu), Kreisfreie Stadt ",,3,3,219,225
226,DE274,DE274,,,,"Memmingen, Kreisfreie Stadt ",,3,3,220,226
227,DE275,DE275,,,,Aichach-Friedberg ,,3,3,221,227
228,DE276,DE276,,,,"Augsburg, Landkreis ",,3,3,222,228
229,DE277,DE277,,,,Dillingen a.d. Donau,,3,3,223,229
230,DE278,DE278,,,,Günzburg,,3,3,224,230
231,DE279,DE279,,,,Neu-Ulm,,3,3,225,231
232,DE27A,DE27A,,,,Lindau (Bodensee),,3,3,226,232
233,DE27B,DE27B,,,,Ostallgäu,,3,3,227,233
234,DE27C,DE27C,,,,Unterallgäu,,3,3,228,234
235,DE27D,DE27D,,,,Donau-Ries ,,3,3,229,235
236,DE27E,DE27E,,,,Oberallgäu ,,3,3,230,236
237,DE3,DE3,,BERLIN ,,,,1,3,231,237
238,DE3,DE30,,,Berlin,,Code change,2,3,232,238
239,DE301,DE300 (part),,,,"Berlin-West, Stadt",Merged,3,3,233,
240,DE302,DE300 (part),,,,"Berlin-Ost, Stadt",Merged,3,3,234,
241, ,DE300,,,,Berlin,New region,3,3,,239
242,DE4,DE4,,BRANDENBURG ,,,,1,3,235,240
243,DE4,,,,Brandenburg,,Split,2,3,236,
244,DE4 (part),DE41,,,Brandenburg - Nordost,,New region,2,3, ,241
245,DE403,DE411,,,,"Frankfurt (Oder), Kreisfreie Stadt",Code change,3,3,239,242
246,DE405,DE412,,,,Barnim,Code change,3,3,241,243
247,DE409,DE413,,,,Märkisch-Oderland,Code change,3,3,245,244
248,DE40A,DE414,,,,Oberhavel,Code change,3,3,246,245
249,DE40C,DE415,,,,Oder-Spree,Code change,3,3,248,246
250,DE40D,DE416,,,,Ostprignitz-Ruppin,Code change,3,3,249,247
251,DE40F,DE417,,,,Prignitz,Code change,3,3,251,248
252,DE40I,DE418,,,,Uckermark,Code change,3,3,254,249
253,DE4 (part),DE42,,,Brandenburg - Südwest,,New region,2,3, ,250
254,DE401,DE421,,,,"Brandenburg an der Havel, Kreisfreie Stadt",Code change,3,3,237,251
255,DE402,DE422,,,,"Cottbus, Kreisfreie Stadt",Code change,3,3,238,252
256,DE404,DE423,,,,"Potsdam, Kreisfreie Stadt",Code change,3,3,240,253
257,DE406,DE424,,,,Dahme-Spreewald,Code change,3,3,242,254
258,DE407,DE425,,,,Elbe-Elster,Code change,3,3,243,255
259,DE408,DE426,,,,Havelland,Code change,3,3,244,256
260,DE40B,DE427,,,,Oberspreewald-Lausitz,Code change,3,3,247,257
261,DE40E,DE428,,,,Potsdam-Mittelmark,Code change,3,3,250,258
262,DE40G,DE429,,,,Spree-Neiße,Code change,3,3,252,259
263,DE40H,DE42A,,,,Teltow-Fläming,Code change,3,3,253,260
264,DE5,DE5,,BREMEN ,,,,1,3,255,261
265,DE5,DE50,,,Bremen,,Code change,2,3,256,262
266,DE501,DE501,,,,"Bremen, Kreisfreie Stadt ",,3,3,257,263
267,DE502,DE502,,,,"Bremerhaven, Kreisfreie Stadt ",,3,3,258,264
268,DE6,DE6,,HAMBURG ,,,,1,3,259,265
269,DE6,DE60,,,Hamburg,,Code change,2,3,260,266
270,DE6,DE600,,,,Hamburg,Code change,3,3,261,267
271,DE7,DE7,,HESSEN,,,,1,3,262,268
272,DE71,DE71,,,Darmstadt ,,,2,3,263,269
273,DE711,DE711,,,,"Darmstadt, Kreisfreie Stadt ",,3,3,264,270
274,DE712,DE712,,,,"Frankfurt am Main, Kreisfreie Stadt ",,3,3,265,271
275,DE713,DE713,,,,"Offenbach am Main, Kreisfreie Stadt ",,3,3,266,272
276,DE714,DE714,,,,"Wiesbaden, Kreisfreie Stadt ",,3,3,267,273
277,DE715,DE715,,,,Bergstraße,,3,3,268,274
278,DE716,DE716,,,,Darmstadt-Dieburg ,,3,3,269,275
279,DE717,DE717,,,,Groß-Gerau ,,3,3,270,276
280,DE718,DE718,,,,Hochtaunuskreis ,,3,3,271,277
281,DE719,DE719,,,,Main-Kinzig-Kreis ,,3,3,272,278
282,DE71A,DE71A,,,,Main-Taunus-Kreis ,,3,3,273,279
283,DE71B,DE71B,,,,Odenwaldkreis ,,3,3,274,280
284,DE71C,DE71C,,,,"Offenbach, Landkreis ",,3,3,275,281
285,DE71D,DE71D,,,,Rheingau-Taunus-Kreis ,,3,3,276,282
286,DE71E,DE71E,,,,Wetteraukreis ,,3,3,277,283
287,DE72,DE72,,,Gießen ,,,2,3,278,284
288,DE721,DE721,,,,"Gießen, Landkreis ",,3,3,279,285
289,DE722,DE722,,,,Lahn-Dill-Kreis ,,3,3,280,286
290,DE723,DE723,,,,Limburg-Weilburg ,,3,3,281,287
291,DE724,DE724,,,,Marburg-Biedenkopf ,,3,3,282,288
292,DE725,DE725,,,,Vogelsbergkreis ,,3,3,283,289
293,DE73,DE73,,,Kassel ,,,2,3,284,290
294,DE731,DE731,,,,"Kassel, Kreisfreie Stadt ",,3,3,285,291
295,DE732,DE732,,,,Fulda ,,3,3,286,292
296,DE733,DE733,,,,Hersfeld-Rotenburg ,,3,3,287,293
297,DE734,DE734,,,,"Kassel, Landkreis ",,3,3,288,294
298,DE735,DE735,,,,Schwalm-Eder-Kreis ,,3,3,289,295
299,DE736,DE736,,,,Waldeck-Frankenberg ,,3,3,290,296
300,DE737,DE737,,,,Werra-Meißner-Kreis,,3,3,291,297
301,DE8,DE8,,MECKLENBURG-VORPOMMERN ,,,,1,3,292,298
302,DE8,DE80,,,Mecklenburg-Vorpommern,,Code change,2,3,293,299
303,DE801,DE801,,,,"Greifswald, Kreisfreie Stadt",,3,3,294,300
304,DE802,DE802,,,,"Neubrandenburg, Kreisfreie Stadt",,3,3,295,301
305,DE803,DE803,,,,"Rostock, Kreisfreie Stadt",,3,3,296,302
306,DE804,DE804,,,,"Schwerin, Kreisfreie Stadt",,3,3,297,303
307,DE805,DE805,,,,"Stralsund, Kreisfreie Stadt",,3,3,298,304
308,DE806,DE806,,,,"Wismar, Kreisfreie Stadt",,3,3,299,305
309,DE807,DE807,,,,Bad Doberan ,,3,3,300,306
310,DE808,DE808,,,,Demmin ,,3,3,301,307
311,DE809,DE809,,,,Güstrow ,,3,3,302,308
312,DE80A,DE80A,,,,Ludwigslust ,,3,3,303,309
313,DE80B,DE80B,,,,Mecklenburg-Strelitz,,3,3,304,310
314,DE80C,DE80C,,,,Müritz,,3,3,305,311
315,DE80D,DE80D,,,,Nordvorpommern,,3,3,306,312
316,DE80E,DE80E,,,,Nordwestmecklenburg,,3,3,307,313
317,DE80F,DE80F,,,,Ostvorpommern,,3,3,308,314
318,DE80G,DE80G,,,,Parchim ,,3,3,309,315
319,DE80H,DE80H,,,,Rügen ,,3,3,310,316
320,DE80I,DE80I,,,,Uecker-Randow,,3,3,311,317
321,DE9,DE9,,NIEDERSACHSEN ,,,,1,3,312,318
322,DE91,DE91,,,Braunschweig ,,,2,3,313,319
323,DE911,DE911,,,,"Braunschweig, Kreisfreie Stadt ",,3,3,314,320
324,DE912,DE912,,,,"Salzgitter, Kreisfreie Stadt ",,3,3,315,321
325,DE913,DE913,,,,"Wolfsburg, Kreisfreie Stadt ",,3,3,316,322
326,DE914,DE914,,,,Gifhorn ,,3,3,317,323
327,DE915,DE915,,,,Göttingen ,,3,3,318,324
328,DE916,DE916,,,,Goslar ,,3,3,319,325
329,DE917,DE917,,,,Helmstedt ,,3,3,320,326
330,DE918,DE918,,,,Northeim ,,3,3,321,327
331,DE919,DE919,,,,Osterode am Harz ,,3,3,322,328
332,DE91A,DE91A,,,,Peine ,,3,3,323,329
333,DE91B,DE91B,,,,Wolfenbüttel ,,3,3,324,330
334,DE92,DE92,,,Hannover,,,2,3,325,331
335,DE921,DE929 (part),,,,"Hannover, Kreisfreie Stadt",Merged,3,3,326,
336,DE922,DE922,,,,Diepholz ,,3,3,327,332
337,DE923,DE923,,,,Hameln-Pyrmont ,,3,3,328,333
338,DE924,DE929 (part),,,,"Hannover, Landkreis",Merged,3,3,329,
339,DE925,DE925,,,,Hildesheim ,,3,3,330,334
340,DE926,DE926,,,,Holzminden ,,3,3,331,335
341,DE927,DE927,,,,Nienburg (Weser) ,,3,3,332,336
342,DE928,DE928,,,,Schaumburg ,,3,3,333,337
343,,DE929,,,,Region Hannover ,New region,3,3,,338
344,DE93,DE93,,,Lüneburg ,,,2,3,334,339
345,DE931,DE931,,,,Celle ,,3,3,335,340
346,DE932,DE932,,,,Cuxhaven ,,3,3,336,341
347,DE933,DE933,,,,Harburg ,,3,3,337,342
348,DE934,DE934,,,,Lüchow-Dannenberg,,3,3,338,343
349,DE935,DE935,,,,"Lüneburg, Landkreis ",,3,3,339,344
350,DE936,DE936,,,,Osterholz ,,3,3,340,345
351,DE937,DE937,,,,Rotenburg (Wümme),,3,3,341,346
352,DE938,DE938,,,,Soltau-Fallingbostel ,,3,3,342,347
353,DE939,DE939,,,,Stade ,,3,3,343,348
354,DE93A,DE93A,,,,Uelzen ,,3,3,344,349
355,DE93B,DE93B,,,,Verden ,,3,3,345,350
356,DE94,DE94,,,Weser-Ems ,,,2,3,346,351
357,DE941,DE941,,,,"Delmenhorst, Kreisfreie Stadt ",,3,3,347,352
358,DE942,DE942,,,,"Emden, Kreisfreie Stadt ",,3,3,348,353
359,DE943,DE943,,,,"Oldenburg (Oldenburg), Kreisfreie Stadt",,3,3,349,354
360,DE944,DE944,,,,"Osnabrück, Kreisfreie Stadt ",,3,3,350,355
361,DE945,DE945,,,,"Wilhelmshaven, Kreisfreie Stadt ",,3,3,351,356
362,DE946,DE946,,,,Ammerland ,,3,3,352,357
363,DE947,DE947,,,,Aurich ,,3,3,353,358
364,DE948,DE948,,,,Cloppenburg ,,3,3,354,359
365,DE949,DE949,,,,Emsland ,,3,3,355,360
366,DE94A,DE94A,,,,Friesland ,,3,3,356,361
367,DE94B,DE94B,,,,Grafschaft Bentheim ,,3,3,357,362
368,DE94C,DE94C,,,,Leer ,,3,3,358,363
369,DE94D,DE94D,,,,"Oldenburg, Landkreis",,3,3,359,364
370,DE94E,DE94E,,,,"Osnabrück, Landkreis ",,3,3,360,365
371,DE94F,DE94F,,,,Vechta ,,3,3,361,366
372,DE94G,DE94G,,,,Wesermarsch ,,3,3,362,367
373,DE94H,DE94H,,,,Wittmund ,,3,3,363,368
374,DEA,DEA,,NORDRHEIN-WESTFALEN ,,,,1,3,364,369
375,DEA1,DEA1,,,Düsseldorf ,,,2,3,365,370
376,DEA11,DEA11,,,,"Düsseldorf, Kreisfreie Stadt ",,3,3,366,371
377,DEA12,DEA12,,,,"Duisburg, Kreisfreie Stadt ",,3,3,367,372
378,DEA13,DEA13,,,,"Essen, Kreisfreie Stadt ",,3,3,368,373
379,DEA14,DEA14,,,,"Krefeld, Kreisfreie Stadt ",,3,3,369,374
380,DEA15,DEA15,,,,"Mönchengladbach, Kreisfreie Stadt ",,3,3,370,375
381,DEA16,DEA16,,,,"Mülheim an der Ruhr,Kreisfreie Stadt",,3,3,371,376
382,DEA17,DEA17,,,,"Oberhausen, Kreisfreie Stadt",,3,3,372,377
383,DEA18,DEA18,,,,"Remscheid, Kreisfreie Stadt ",,3,3,373,378
384,DEA19,DEA19,,,,"Solingen, Kreisfreie Stadt",,3,3,374,379
385,DEA1A,DEA1A,,,,"Wuppertal, Kreisfreie Stadt",,3,3,375,380
386,DEA1B,DEA1B,,,,Kleve ,,3,3,376,381
387,DEA1C,DEA1C,,,,Mettmann ,,3,3,377,382
388,DEA1D,DEA1D,,,,Neuss ,,3,3,378,383
389,DEA1E,DEA1E,,,,Viersen ,,3,3,379,384
390,DEA1F,DEA1F,,,,Wesel ,,3,3,380,385
391,DEA2,DEA2,,,Köln,,,2,3,381,386
392,DEA21,DEA21,,,,"Aachen, Kreisfreie Stadt ",,3,3,382,387
393,DEA22,DEA22,,,,"Bonn, Kreisfreie Stadt ",,3,3,383,388
394,DEA23,DEA23,,,,"Köln, Kreisfreie Stadt ",,3,3,384,389
395,DEA24,DEA24,,,,"Leverkusen, Kreisfreie Stadt ",,3,3,385,390
396,DEA25,DEA25,,,,"Aachen, Kreis",,3,3,386,391
397,DEA26,DEA26,,,,Düren ,,3,3,387,392
398,DEA27,DEA27,,,,Erftkreis ,,3,3,388,393
399,DEA28,DEA28,,,,Euskirchen ,,3,3,389,394
400,DEA29,DEA29,,,,Heinsberg ,,3,3,390,395
401,DEA2A,DEA2A,,,,Oberbergischer Kreis ,,3,3,391,396
402,DEA2B,DEA2B,,,,Rheinisch-Bergischer Kreis,,3,3,392,397
403,DEA2C,DEA2C,,,,Rhein-Sieg-Kreis ,,3,3,393,398
404,DEA3,DEA3,,,Münster,,,2,3,394,399
405,DEA31,DEA31,,,,"Bottrop, Kreisfreie Stadt ",,3,3,395,400
406,DEA32,DEA32,,,,"Gelsenkirchen, Kreisfreie Stadt",,3,3,396,401
407,DEA33,DEA33,,,,"Münster, Kreisfreie Stadt",,3,3,397,402
408,DEA34,DEA34,,,,Borken ,,3,3,398,403
409,DEA35,DEA35,,,,Coesfeld ,,3,3,399,404
410,DEA36,DEA36,,,,Recklinghausen ,,3,3,400,405
411,DEA37,DEA37,,,,Steinfurt ,,3,3,401,406
412,DEA38,DEA38,,,,Warendorf ,,3,3,402,407
413,DEA4,DEA4,,,Detmold,,,2,3,403,408
414,DEA41,DEA41,,,,"Bielefeld, Kreisfreie Stadt ",,3,3,404,409
415,DEA42,DEA42,,,,Gütersloh ,,3,3,405,410
416,DEA43,DEA43,,,,Herford ,,3,3,406,411
417,DEA44,DEA44,,,,Höxter ,,3,3,407,412
418,DEA45,DEA45,,,,Lippe ,,3,3,408,413
419,DEA46,DEA46,,,,Minden-Lübbecke,,3,3,409,414
420,DEA47,DEA47,,,,Paderborn ,,3,3,410,415
421,DEA5,DEA5,,,Arnsberg ,,,2,3,411,416
422,DEA51,DEA51,,,,"Bochum, Kreisfreie Stadt",,3,3,412,417
423,DEA52,DEA52,,,,"Dortmund, Kreisfreie Stadt ",,3,3,413,418
424,DEA53,DEA53,,,,"Hagen, Kreisfreie Stadt ",,3,3,414,419
425,DEA54,DEA54,,,,"Hamm, Kreisfreie Stadt",,3,3,415,420
426,DEA55,DEA55,,,,"Herne, Kreisfreie Stadt ",,3,3,416,421
427,DEA56,DEA56,,,,Ennepe-Ruhr-Kreis ,,3,3,417,422
428,DEA57,DEA57,,,,Hochsauerlandkreis,,3,3,418,423
429,DEA58,DEA58,,,,Märkischer Kreis ,,3,3,419,424
430,DEA59,DEA59,,,,Olpe ,,3,3,420,425
431,DEA5A,DEA5A,,,,Siegen-Wittgenstein,,3,3,421,426
432,DEA5B,DEA5B,,,,Soest ,,3,3,422,427
433,DEA5C,DEA5C,,,,Unna ,,3,3,423,428
434,DEB,DEB,,RHEINLAND-PFALZ ,,,,1,3,424,429
435,DEB1,DEB1,,,Koblenz ,,,2,3,425,430
436,DEB11,DEB11,,,,"Koblenz, Kreisfreie Stadt",,3,3,426,431
437,DEB12,DEB12,,,,Ahrweiler ,,3,3,427,432
438,DEB13,DEB13,,,,Altenkirchen (Westerwald),,3,3,428,433
439,DEB14,DEB14,,,,Bad Kreuznach ,,3,3,429,434
440,DEB15,DEB15,,,,Birkenfeld,,3,3,430,435
441,DEB16,DEB16,,,,Cochem-Zell ,,3,3,431,436
442,DEB17,DEB17,,,,Mayen-Koblenz ,,3,3,432,437
443,DEB18,DEB18,,,,Neuwied ,,3,3,433,438
444,DEB19,DEB19,,,,Rhein-Hunsrück-Kreis,,3,3,434,439
445,DEB1A,DEB1A,,,,Rhein-Lahn-Kreis ,,3,3,435,440
446,DEB1B,DEB1B,,,,Westerwaldkreis ,,3,3,436,441
447,DEB2,DEB2,,,Trier ,,,2,3,437,442
448,DEB21,DEB21,,,,"Trier, Kreisfreie Stadt ",,3,3,438,443
449,DEB22,DEB22,,,,Bernkastel-Wittlich ,,3,3,439,444
450,DEB23,DEB23,,,,Bitburg-Prüm ,,3,3,440,445
451,DEB24,DEB24,,,,Daun ,,3,3,441,446
452,DEB25,DEB25,,,,Trier-Saarburg ,,3,3,442,447
453,DEB3,DEB3,,,Rheinhessen-Pfalz ,,,2,3,443,448
454,DEB31,DEB31,,,,"Frankenthal (Pfalz), Kreisfreie Stadt ",,3,3,444,449
455,DEB32,DEB32,,,,"Kaiserslautern, Kreisfreie Stadt ",,3,3,445,450
456,DEB33,DEB33,,,,"Landau in der Pfalz, Kreisfreie Stadt ",,3,3,446,451
457,DEB34,DEB34,,,,"Ludwigshafen am Rhein, Kreisfreie Stadt",,3,3,447,452
458,DEB35,DEB35,,,,"Mainz, Kreisfreie Stadt ",,3,3,448,453
459,DEB36,DEB36,,,,"Neustadt an der Weinstraße, Kreisfreie Stadt",,3,3,449,454
460,DEB37,DEB37,,,,"Pirmasens, Kreisfreie Stadt ",,3,3,450,455
461,DEB38,DEB38,,,,"Speyer, Kreisfreie Stadt ",,3,3,451,456
462,DEB39,DEB39,,,,"Worms, Kreisfreie Stadt ",,3,3,452,457
463,DEB3A,DEB3A,,,,"Zweibrücken, Kreisfreie Stadt ",,3,3,453,458
464,DEB3B,DEB3B,,,,Alzey-Worms ,,3,3,454,459
465,DEB3C,DEB3C,,,,Bad Dürkheim ,,3,3,455,460
466,DEB3D,DEB3D,,,,Donnersbergkreis,,3,3,456,461
467,DEB3E,DEB3E,,,,Germersheim ,,3,3,457,462
468,DEB3F,DEB3F,,,,"Kaiserslautern, Landkreis ",,3,3,458,463
469,DEB3G,DEB3G,,,,Kusel,,3,3,459,464
470,DEB3H,DEB3H,,,,Südliche Weinstraße,,3,3,460,465
471,DEB3I,DEB3I,,,,"Ludwigshafen, Landkreis",,3,3,461,466
472,DEB3J,DEB3J,,,,Mainz-Bingen ,,3,3,462,467
473,DEB3K,DEB3K,,,,Südwestpfalz,,3,3,463,468
474,DEC,DEC,,SAARLAND,,,,1,3,464,469
475,DEC,DEC0,,,Saarland,,Code change,2,3,465,470
476,DEC01,DEC01,,,,Stadtverband Saarbrücken,,3,3,466,471
477,DEC02,DEC02,,,,Merzig-Wadern,,3,3,467,472
478,DEC03,DEC03,,,,Neunkirchen ,,3,3,468,473
479,DEC04,DEC04,,,,Saarlouis ,,3,3,469,474
480,DEC05,DEC05,,,,Saarpfalz-Kreis,,3,3,470,475
481,DEC06,DEC06,,,,St. Wendel ,,3,3,471,476
482,DED,DED,,SACHSEN ,,,,1,3,472,477
483,DED1,DED1,,,Chemnitz,,,2,3,473,478
484,DED11,DED11,,,,"Chemnitz, Kreisfreie Stadt",,3,3,474,479
485,DED12,DED12,,,,"Plauen, Kreisfreie Stadt",,3,3,475,480
486,DED13,DED13,,,,"Zwickau, Kreisfreie Stadt",,3,3,476,481
487,DED14,DED14,,,,Annaberg,,3,3,477,482
488,DED15,DED15,,,,Chemnitzer Land,,3,3,478,483
489,DED16,DED16,,,,Freiberg,,3,3,479,484
490,DED17,DED17,,,,Vogtlandkreis,,3,3,480,485
491,DED18,DED18,,,,Mittlerer Erzgebirgskreis,,3,3,481,486
492,DED19,DED19,,,,Mittweida,,3,3,482,487
493,DED1A,DED1A,,,,Stollberg,,3,3,483,488
494,DED1B,DED1B,,,,Aue-Schwarzenberg,,3,3,484,489
495,DED1C,DED1C,,,,Zwickauer Land,,3,3,485,490
496,DED2,DED2,,,Dresden,,,2,3,486,491
497,DED21,DED21,,,,"Dresden, Kreisfreie Stadt",,3,3,487,492
498,DED22,DED22,,,,"Görlitz, Kreisfreie Stadt",,3,3,488,493
499,DED23,DED23,,,,"Hoyerswerda, Kreisfreie Stadt",,3,3,489,494
500,DED24,DED24,,,,Bautzen,,3,3,490,495
501,DED25,DED25,,,,Meißen,,3,3,491,496
502,DED26,DED26,,,,Niederschlesischer Oberlausitzkreis,,3,3,492,497
503,DED27,DED27,,,,Riesa-Großenhain,,3,3,493,498
504,DED28,DED28,,,,Löbau-Zittau,,3,3,494,499
505,DED29,DED29,,,,Sächsische Schweiz,,3,3,495,500
506,DED2A,DED2A,,,,Weißeritzkreis,,3,3,496,501
507,DED2B,DED2B,,,,Kamenz,,3,3,497,502
508,DED3,DED3,,,Leipzig,,,2,3,498,503
509,DED31,DED31,,,,"Leipzig, Kreisfreie Stadt",,3,3,499,504
510,DED32,DED32,,,,Delitzsch,,3,3,500,505
511,DED33,DED33,,,,Döbeln,,3,3,501,506
512,DED34,DED34,,,,Leipziger Land,,3,3,502,507
513,DED35,DED35,,,,Muldentalkreis,,3,3,503,508
514,DED36,DED36,,,,Torgau-Oschatz,,3,3,504,509
515,DEE,DEE,,SACHSEN-ANHALT ,,,,1,3,505,510
516,DEE1,DEE1,,,Dessau ,,,2,3,506,511
517,DEE11,DEE11,,,,"Dessau, Kreisfreie Stadt",,3,3,507,512
518,DEE12,DEE12,,,,Anhalt-Zerbst,,3,3,508,513
519,DEE13,DEE13,,,,Bernburg ,,3,3,509,514
520,DEE14,DEE14,,,,Bitterfeld ,,3,3,510,515
521,DEE15,DEE15,,,,Köthen ,,3,3,511,516
522,DEE16,DEE16,,,,Wittenberg,,3,3,512,517
523,DEE2,DEE2,,,Halle,,,2,3,513,518
524,DEE21,DEE21,,,,"Halle (Saale), Kreisfreie Stadt",,3,3,514,519
525,DEE22,DEE22,,,,Burgenlandkreis,,3,3,515,520
526,DEE23,DEE23,,,,Mansfelder Land,,3,3,516,521
527,DEE24,DEE24,,,,Merseburg-Querfurt,,3,3,517,522
528,DEE25,DEE25,,,,Saalkreis,,3,3,518,523
529,DEE26,DEE26,,,,Sangerhausen,,3,3,519,524
530,DEE27,DEE27,,,,Weißenfels ,,3,3,520,525
531,DEE3,DEE3,,,Magdeburg,,,2,3,521,526
532,DEE31,DEE31,,,,"Magdeburg, Kreisfreie Stadt",,3,3,522,527
533,DEE32,DEE32,,,,Aschersleben-Staßfurt,,3,3,523,528
534,DEE33,DEE33,,,,Bördekreis,,3,3,524,529
535,DEE34,DEE34,,,,Halberstadt,,3,3,525,530
536,DEE35,DEE35,,,,Jerichower Land,,3,3,526,531
537,DEE36,DEE36,,,,Ohrekreis,,3,3,527,532
538,DEE37,DEE37,,,,Stendal,,3,3,528,533
539,DEE38,DEE38,,,,Quedlinburg ,,3,3,529,534
540,DEE39,DEE39,,,,Schönebeck,,3,3,530,535
541,DEE3A,DEE3A,,,,Wernigerode,,3,3,531,536
542,DEE3B,DEE3B,,,,Altmarkkreis Salzwedel,,3,3,532,537
543,DEF,DEF,,SCHLESWIG-HOLSTEIN ,,,,1,3,533,538
544,DEF,DEF0,,,Schleswig-Holstein,,Code change,2,3,534,539
545,DEF01,DEF01,,,,"Flensburg, Kreisfreie Stadt ",,3,3,535,540
546,DEF02,DEF02,,,,"Kiel, Kreisfreie Stadt",,3,3,536,541
547,DEF03,DEF03,,,,"Lübeck, Kreisfreie Stadt ",,3,3,537,542
548,DEF04,DEF04,,,,"Neumünster, Kreisfreie Stadt ",,3,3,538,543
549,DEF05,DEF05,,,,Dithmarschen ,,3,3,539,544
550,DEF06,DEF06,,,,Herzogtum Lauenburg ,,3,3,540,545
551,DEF07,DEF07,,,,Nordfriesland,,3,3,541,546
552,DEF08,DEF08,,,,Ostholstein,,3,3,542,547
553,DEF09,DEF09,,,,Pinneberg,,3,3,543,548
554,DEF0A,DEF0A,,,,Plön ,,3,3,544,549
555,DEF0B,DEF0B,,,,Rendsburg-Eckernförde,,3,3,545,550
556,DEF0C,DEF0C,,,,Schleswig-Flensburg ,,3,3,546,551
557,DEF0D,DEF0D,,,,Segeberg ,,3,3,547,552
558,DEF0E,DEF0E,,,,Steinburg ,,3,3,548,553
559,DEF0F,DEF0F,,,,Stormarn ,,3,3,549,554
560,DEG,DEG,,THÜRINGEN ,,,,1,3,550,555
561,DEG,DEG0,,,Thüringen,,Code change,2,3,551,556
562,DEG01,DEG01,,,,"Erfurt, Kreisfreie Stadt",,3,3,552,557
563,DEG02,DEG02,,,,"Gera, Kreisfreie Stadt",,3,3,553,558
564,DEG03,DEG03,,,,"Jena, Kreisfreie Stadt",,3,3,554,559
565,DEG04,DEG04,,,,"Suhl, Kreisfreie Stadt",,3,3,555,560
566,DEG05,DEG05,,,,"Weimar, Kreisfreie Stadt",,3,3,556,561
567,DEG06,DEG06,,,,Eichsfeld,,3,3,557,562
568,DEG07,DEG07,,,,Nordhausen,,3,3,558,563
569,DEG09,DEG09,,,,Unstrut-Hainich-Kreis,,3,3,559,564
570,DEG0A,DEG0A,,,,Kyffhäuserkreis,,3,3,560,565
571,DEG0B,DEG0B,,,,Schmalkalden-Meiningen,,3,3,561,566
572,DEG0C,DEG0C,,,,Gotha,,3,3,562,567
573,DEG0D,DEG0D,,,,Sömmerda,,3,3,563,568
574,DEG0E,DEG0E,,,,Hildburghausen,,3,3,564,569
575,DEG0F,DEG0F,,,,Ilm-Kreis,,3,3,565,570
576,DEG0G,DEG0G,,,,Weimarer Land,,3,3,566,571
577,DEG0H,DEG0H,,,,Sonneberg ,,3,3,567,572
578,DEG0I,DEG0I,,,,Saalfeld-Rudolstadt,,3,3,568,573
579,DEG0J,DEG0J,,,,Saale-Holzland-Kreis,,3,3,569,574
580,DEG0K,DEG0K,,,,Saale-Orla-Kreis,,3,3,570,575
581,DEG0L,DEG0L,,,,Greiz,,3,3,571,576
582,DEG0M,DEG0M,,,,Altenburger Land,,3,3,572,577
583,DEG0N,DEG0N,,,,"Eisenach, Kreisfreie Stadt",,3,3,573,578
584,DEG0P,DEG0P,,,,Wartburgkreis,,3,3,574,579
585,,DEZ,,EXTRA-REGIO,,,New region,1,3,,580
586,,DEZZ,,,Extra-Regio,,New region,2,3,,581
587,,DEZZZ,,,,Extra-Regio,New region,3,3,,582
588,GR,GR,ΕΛΛΑΔΑ,,,,,0,4,575,583
589,GR1,GR1,,ΒΟΡΕΙΑ ΕΛΛΑΔΑ ,,,,1,4,576,584
590,GR11,GR11,,,"Aνατολική Μακεδονία, Θράκη ",,,2,4,577,585
591,GR111,GR111,,,,Έβρος ,,3,4,578,586
592,GR112,GR112,,,,Ξάνθη ,,3,4,579,587
593,GR113,GR113,,,,Ροδόπη ,,3,4,580,588
594,GR114,GR114,,,,Δράμα ,,3,4,581,589
595,GR115,GR115,,,,Καβάλα ,,3,4,582,590
596,GR12,GR12,,,Κεντρική Μακεδονία ,,,2,4,583,591
597,GR121,GR121,,,,Ημαθία ,,3,4,584,592
598,GR122,GR122,,,,Θεσσαλονίκη ,,3,4,585,593
599,GR123,GR123,,,,Κιλκίς ,,3,4,586,594
600,GR124,GR124,,,,Πέλλα ,,3,4,587,595
601,GR125,GR125,,,,Πιερία ,,3,4,588,596
602,GR126,GR126,,,,Σέρρες ,,3,4,589,597
603,GR127,GR127,,,,Χαλκιδική ,,3,4,590,598
604,GR13,GR13,,,Δυτική Μακεδονία ,,,2,4,591,599
605,GR131,GR131,,,,Γρεβενά ,,3,4,592,600
606,GR132,GR132,,,,Καστοριά ,,3,4,593,601
607,GR133,GR133,,,,Κοζάνη ,,3,4,594,602
608,GR134,GR134,,,,Φλώρινα ,,3,4,595,603
609,GR14,GR14,,,Θεσσαλία ,,,2,4,596,604
610,GR141,GR141,,,,Καρδίτσα ,,3,4,597,605
611,GR142,GR142,,,,Λάρισα ,,3,4,598,606
612,GR143,GR143,,,,Μαγνησία ,,3,4,599,607
613,GR144,GR144,,,,Τρίκαλα ,,3,4,600,608
614,GR2,GR2,,ΚΕΝΤΡΙΚΗ ΕΛΛΑΔΑ ,,,,1,4,601,609
615,GR21,GR21,,,Ήπειρος ,,,2,4,602,610
616,GR211,GR211,,,,Άρτα ,,3,4,603,611
617,GR212,GR212,,,,Θεσπρωτία ,,3,4,604,612
618,GR213,GR213,,,,Ιωάννινα,,3,4,605,613
619,GR214,GR214,,,,Πρέβεζα ,,3,4,606,614
620,GR22,GR22,,,Ιόνια Νησιά ,,,2,4,607,615
621,GR221,GR221,,,,Ζάκυνθος ,,3,4,608,616
622,GR222,GR222,,,,Κέρκυρα,,3,4,609,617
623,GR223,GR223,,,,Κεφαλληνία,,3,4,610,618
624,GR224,GR224,,,,Λευκάδα ,,3,4,611,619
625,GR23,GR23,,,Δυτική Ελλάδα ,,,2,4,612,620
626,GR231,GR231,,,,Αιτωλοακαρνανία ,,3,4,613,621
627,GR232,GR232,,,,Αχαΐα ,,3,4,614,622
628,GR233,GR233,,,,Ηλεία ,,3,4,615,623
629,GR24,GR24,,,Στερεά Ελλάδα ,,,2,4,616,624
630,GR241,GR241,,,,Βοιωτία ,,3,4,617,625
631,GR242,GR242,,,,Εύβοια ,,3,4,618,626
632,GR243,GR243,,,,Ευρυτανία ,,3,4,619,627
633,GR244,GR244,,,,Φθιώτιδα ,,3,4,620,628
634,GR245,GR245,,,,Φωκίδα ,,3,4,621,629
635,GR25,GR25,,,Πελοπόννησος ,,,2,4,622,630
636,GR251,GR251,,,,Αργολίδα ,,3,4,623,631
637,GR252,GR252,,,,Αρκαδία ,,3,4,624,632
638,GR253,GR253,,,,Κορινθία ,,3,4,625,633
639,GR254,GR254,,,,Λακωνία ,,3,4,626,634
640,GR255,GR255,,,,Μεσσηνία ,,3,4,627,635
641,GR3,GR3,,ATTIKΗ ,,,,1,4,628,636
642,GR3,GR30,,,Aττική,,Code change,2,4,629,637
643,GR3,GR300,,,,Aττική,Code change,3,4,630,638
644,GR4,GR4,,"NΗΣΙΑ ΑΙΓΑΙΟΥ, KΡΗΤΗ ",,,,1,4,631,639
645,GR41,GR41,,,Βόρειο Αιγαίο,,,2,4,632,640
646,GR411,GR411,,,,Λέσβος ,,3,4,633,641
647,GR412,GR412,,,,Σάμος ,,3,4,634,642
648,GR413,GR413,,,,Χίος ,,3,4,635,643
649,GR42,GR42,,,Νότιο Αιγαίο ,,,2,4,636,644
650,GR421,GR421,,,,Δωδεκάνησος ,,3,4,637,645
651,GR422,GR422,,,,Κυκλάδες ,,3,4,638,646
652,GR43,GR43,,,Κρήτη ,,,2,4,639,647
653,GR431,GR431,,,,Ηράκλειο ,,3,4,640,648
654,GR432,GR432,,,,Λασίθι ,,3,4,641,649
655,GR433,GR433,,,,Ρεθύμνη ,,3,4,642,650
656,GR434,GR434,,,,Χανιά ,,3,4,643,651
657,,GRZ,,EXTRA-REGIO,,,New region,1,4,,652
658,,GRZZ,,,Extra-Regio,,New region,2,4,,653
659,,GRZZZ,,,,Extra-Regio,New region,3,4,,654
660,ES,ES,ESPAÑA ,,,,,0,5,644,655
661,ES1,ES1,,NOROESTE,,,,1,5,645,656
662,ES11,ES11,,,Galicia ,,,2,5,646,657
663,ES111,ES111,,,,A Coruña ,,3,5,647,658
664,ES112,ES112,,,,Lugo,,3,5,648,659
665,ES113,ES113,,,,Ourense ,,3,5,649,660
666,ES114,ES114,,,,Pontevedra,,3,5,650,661
667,ES12,ES12,,,Principado de Asturias,,,2,5,651,662
668,ES12,ES120,,,,Asturias,Code change,3,5,652,663
669,ES13,ES13,,,Cantabria ,,,2,5,653,664
670,ES13,ES130,,,,Cantabria,Code change,3,5,654,665
671,ES2,ES2,,NORESTE ,,,,1,5,655,666
672,ES21,ES21,,,País Vasco,,,2,5,656,667
673,ES211,ES211,,,,Álava ,,3,5,657,668
674,ES212,ES212,,,,Guipúzcoa ,,3,5,658,669
675,ES213,ES213,,,,Vizcaya ,,3,5,659,670
676,ES22,ES22,,,Comunidad Foral de Navarra,,,2,5,660,671
677,ES22,ES220,,,,Navarra,Code change,3,5,661,672
678,ES23,ES23,,,La Rioja,,,2,5,662,673
679,ES23,ES230,,,,La Rioja,Code change,3,5,663,674
680,ES24,ES24,,,Aragón ,,,2,5,664,675
681,ES241,ES241,,,,Huesca ,,3,5,665,676
682,ES242,ES242,,,,Teruel ,,3,5,666,677
683,ES243,ES243,,,,Zaragoza,,3,5,667,678
684,ES3,ES3,,COMUNIDAD DE MADRID,,,,1,5,668,679
685,ES3,ES30,,,Comunidad de Madrid,,Code change,2,5,669,680
686,ES3,ES300,,,,Madrid,Code change,3,5,670,681
687,ES4,ES4,,CENTRO (E) ,,,,1,5,671,682
688,ES41,ES41,,,Castilla y León,,,2,5,672,683
689,ES411,ES411,,,,Ávila,,3,5,673,684
690,ES412,ES412,,,,Burgos ,,3,5,674,685
691,ES413,ES413,,,,León ,,3,5,675,686
692,ES414,ES414,,,,Palencia,,3,5,676,687
693,ES415,ES415,,,,Salamanca ,,3,5,677,688
694,ES416,ES416,,,,Segovia ,,3,5,678,689
695,ES417,ES417,,,,Soria ,,3,5,679,690
696,ES418,ES418,,,,Valladolid ,,3,5,680,691
697,ES419,ES419,,,,Zamora,,3,5,681,692
698,ES42,ES42,,,Castilla-La Mancha,,,2,5,682,693
699,ES421,ES421,,,,Albacete ,,3,5,683,694
700,ES422,ES422,,,,Ciudad Real ,,3,5,684,695
701,ES423,ES423,,,,Cuenca ,,3,5,685,696
702,ES424,ES424,,,,Guadalajara,,3,5,686,697
703,ES425,ES425,,,,Toledo ,,3,5,687,698
704,ES43,ES43,,,Extremadura,,,2,5,688,699
705,ES431,ES431,,,,Badajoz ,,3,5,689,700
706,ES432,ES432,,,,Cáceres ,,3,5,690,701
707,ES5,ES5,,ESTE ,,,,1,5,691,702
708,ES51,ES51,,,Cataluña ,,,2,5,692,703
709,ES511,ES511,,,,Barcelona ,,3,5,693,704
710,ES512,ES512,,,,Girona,,3,5,694,705
711,ES513,ES513,,,,Lleida,,3,5,695,706
712,ES514,ES514,,,,Tarragona ,,3,5,696,707
713,ES52,ES52,,,Comunidad Valenciana,,,2,5,697,708
714,ES521,ES521,,,,Alicante / Alacant,,3,5,698,709
715,ES522,ES522,,,,Castellón / Castelló,,3,5,699,710
716,ES523,ES523,,,,Valencia / València,,3,5,700,711
717,ES53,ES53,,,Illes Balears,,,2,5,701,712
718,ES53,ES530,,,,Illes Balears,Code change,3,5,702,713
719,ES6,ES6,,SUR ,,,,1,5,703,714
720,ES61,ES61,,,Andalucía ,,,2,5,704,715
721,ES611,ES611,,,,Almería,,3,5,705,716
722,ES612,ES612,,,,Cádiz ,,3,5,706,717
723,ES613,ES613,,,,Córdoba ,,3,5,707,718
724,ES614,ES614,,,,Granada ,,3,5,708,719
725,ES615,ES615,,,,Huelva,,3,5,709,720
726,ES616,ES616,,,,Jaén ,,3,5,710,721
727,ES617,ES617,,,,Málaga ,,3,5,711,722
728,ES618,ES618,,,,Sevilla ,,3,5,712,723
729,ES62,ES62,,,Región de Murcia,,,2,5,713,724
730,ES62,ES620,,,,Murcia,Code change,3,5,714,725
731,ES63,,,,Ceuta y Melilla,,Split,2,5,715,
732,ES63 (part),ES63,,,Ciudad Autónoma de Ceuta,,New region,2,5,,726
733,ES631,ES630,,,,Ceuta ,Code change,3,5,716,727
734,ES63 (part),ES64,,,Ciudad Autónoma de Melilla,,New region,2,5,,728
735,ES632,ES640,,,,Melilla ,Code change,3,5,717,729
736,ES7,ES7,,CANARIAS ,,,,1,5,718,730
737,ES7,ES70,,,Canarias,,Code change,2,5,719,731
738,ES701,ES701,,,,Las Palmas,,3,5,720,732
739,ES702,ES702,,,,Santa Cruz de Tenerife,,3,5,721,733
740,,ESZ,,EXTRA-REGIO,,,New region,1,5,,734
741,,ESZZ,,,Extra-Regio,,New region,2,5,,735
742,,ESZZZ,,,,Extra-Regio,New region,3,5,,736
743,FR,FR,FRANCE,,,,,0,6,722,737
744,FR1,FR1,,ÎLE DE FRANCE ,,,,1,6,723,738
745,FR1,FR10,,,Île de France,,Code change,2,6,724,739
746,FR101,FR101,,,,Paris ,,3,6,725,740
747,FR102,FR102,,,,Seine-et-Marne ,,3,6,726,741
748,FR103,FR103,,,,Yvelines ,,3,6,727,742
749,FR104,FR104,,,,Essonne ,,3,6,728,743
750,FR105,FR105,,,,Hauts-de-Seine ,,3,6,729,744
751,FR106,FR106,,,,Seine-Saint-Denis ,,3,6,730,745
752,FR107,FR107,,,,Val-de-Marne ,,3,6,731,746
753,FR108,FR108,,,,Val-d'Oise ,,3,6,732,747
754,FR2,FR2,,BASSIN PARISIEN ,,,,1,6,733,748
755,FR21,FR21,,,Champagne-Ardenne ,,,2,6,734,749
756,FR211,FR211,,,,Ardennes ,,3,6,735,750
757,FR212,FR212,,,,Aube ,,3,6,736,751
758,FR213,FR213,,,,Marne,,3,6,737,752
759,FR214,FR214,,,,Haute-Marne ,,3,6,738,753
760,FR22,FR22,,,Picardie,,,2,6,739,754
761,FR221,FR221,,,,Aisne,,3,6,740,755
762,FR222,FR222,,,,Oise ,,3,6,741,756
763,FR223,FR223,,,,Somme ,,3,6,742,757
764,FR23,FR23,,,Haute-Normandie ,,,2,6,743,758
765,FR231,FR231,,,,Eure ,,3,6,744,759
766,FR232,FR232,,,,Seine-Maritime ,,3,6,745,760
767,FR24,FR24,,,Centre,,,2,6,746,761
768,FR241,FR241,,,,Cher ,,3,6,747,762
769,FR242,FR242,,,,Eure-et-Loir,,3,6,748,763
770,FR243,FR243,,,,Indre ,,3,6,749,764
771,FR244,FR244,,,,Indre-et-Loire ,,3,6,750,765
772,FR245,FR245,,,,Loir-et-Cher ,,3,6,751,766
773,FR246,FR246,,,,Loiret ,,3,6,752,767
774,FR25,FR25,,,Basse-Normandie ,,,2,6,753,768
775,FR251,FR251,,,,Calvados ,,3,6,754,769
776,FR252,FR252,,,,Manche ,,3,6,755,770
777,FR253,FR253,,,,Orne ,,3,6,756,771
778,FR26,FR26,,,Bourgogne ,,,2,6,757,772
779,FR261,FR261,,,,Côte-d'Or,,3,6,758,773
780,FR262,FR262,,,,Nièvre ,,3,6,759,774
781,FR263,FR263,,,,Saône-et-Loire ,,3,6,760,775
782,FR264,FR264,,,,Yonne ,,3,6,761,776
783,FR3,FR3,,NORD - PAS-DE-CALAIS ,,,,1,6,762,777
784,FR3,FR30,,,Nord - Pas-de-Calais,,Code change,2,6,763,778
785,FR301,FR301,,,,Nord ,,3,6,764,779
786,FR302,FR302,,,,Pas-de-Calais ,,3,6,765,780
787,FR4,FR4,,EST ,,,,1,6,766,781
788,FR41,FR41,,,Lorraine ,,,2,6,767,782
789,FR411,FR411,,,,Meurthe-et-Moselle,,3,6,768,783
790,FR412,FR412,,,,Meuse ,,3,6,769,784
791,FR413,FR413,,,,Moselle ,,3,6,770,785
792,FR414,FR414,,,,Vosges ,,3,6,771,786
793,FR42,FR42,,,Alsace ,,,2,6,772,787
794,FR421,FR421,,,,Bas-Rhin,,3,6,773,788
795,FR422,FR422,,,,Haut-Rhin,,3,6,774,789
796,FR43,FR43,,,Franche-Comté ,,,2,6,775,790
797,FR431,FR431,,,,Doubs ,,3,6,776,791
798,FR432,FR432,,,,Jura ,,3,6,777,792
799,FR433,FR433,,,,Haute-Saône ,,3,6,778,793
800,FR434,FR434,,,,Territoire de Belfort ,,3,6,779,794
801,FR5,FR5,,OUEST ,,,,1,6,780,795
802,FR51,FR51,,,Pays de la Loire,,,2,6,781,796
803,FR511,FR511,,,,Loire-Atlantique ,,3,6,782,797
804,FR512,FR512,,,,Maine-et-Loire ,,3,6,783,798
805,FR513,FR513,,,,Mayenne,,3,6,784,799
806,FR514,FR514,,,,Sarthe ,,3,6,785,800
807,FR515,FR515,,,,Vendée ,,3,6,786,801
808,FR52,FR52,,,Bretagne,,,2,6,787,802
809,FR521,FR521,,,,Côtes-d'Armor,,3,6,788,803
810,FR522,FR522,,,,Finistère ,,3,6,789,804
811,FR523,FR523,,,,Ille-et-Vilaine,,3,6,790,805
812,FR524,FR524,,,,Morbihan,,3,6,791,806
813,FR53,FR53,,,Poitou-Charentes,,,2,6,792,807
814,FR531,FR531,,,,Charente,,3,6,793,808
815,FR532,FR532,,,,Charente-Maritime ,,3,6,794,809
816,FR533,FR533,,,,Deux-Sèvres ,,3,6,795,810
817,FR534,FR534,,,,Vienne ,,3,6,796,811
818,FR6,FR6,,SUD-OUEST,,,,1,6,797,812
819,FR61,FR61,,,Aquitaine,,,2,6,798,813
820,FR611,FR611,,,,Dordogne,,3,6,799,814
821,FR612,FR612,,,,Gironde ,,3,6,800,815
822,FR613,FR613,,,,Landes ,,3,6,801,816
823,FR614,FR614,,,,Lot-et-Garonne,,3,6,802,817
824,FR615,FR615,,,,Pyrénées-Atlantiques,,3,6,803,818
825,FR62,FR62,,,Midi-Pyrénées,,,2,6,804,819
826,FR621,FR621,,,,Ariège ,,3,6,805,820
827,FR622,FR622,,,,Aveyron ,,3,6,806,821
828,FR623,FR623,,,,Haute-Garonne ,,3,6,807,822
829,FR624,FR624,,,,Gers ,,3,6,808,823
830,FR625,FR625,,,,Lot,,3,6,809,824
831,FR626,FR626,,,,Hautes-Pyrénées ,,3,6,810,825
832,FR627,FR627,,,,Tarn ,,3,6,811,826
833,FR628,FR628,,,,Tarn-et-Garonne ,,3,6,812,827
834,FR63,FR63,,,Limousin ,,,2,6,813,828
835,FR631,FR631,,,,Corrèze,,3,6,814,829
836,FR632,FR632,,,,Creuse ,,3,6,815,830
837,FR633,FR633,,,,Haute-Vienne ,,3,6,816,831
838,FR7,FR7,,CENTRE-EST ,,,,1,6,817,832
839,FR71,FR71,,,Rhône-Alpes ,,,2,6,818,833
840,FR711,FR711,,,,Ain ,,3,6,819,834
841,FR712,FR712,,,,Ardèche ,,3,6,820,835
842,FR713,FR713,,,,Drôme ,,3,6,821,836
843,FR714,FR714,,,,Isère ,,3,6,822,837
844,FR715,FR715,,,,Loire ,,3,6,823,838
845,FR716,FR716,,,,Rhône ,,3,6,824,839
846,FR717,FR717,,,,Savoie ,,3,6,825,840
847,FR718,FR718,,,,Haute-Savoie ,,3,6,826,841
848,FR72,FR72,,,Auvergne,,,2,6,827,842
849,FR721,FR721,,,,Allier ,,3,6,828,843
850,FR722,FR722,,,,Cantal ,,3,6,829,844
851,FR723,FR723,,,,Haute-Loire,,3,6,830,845
852,FR724,FR724,,,,Puy-de-Dôme ,,3,6,831,846
853,FR8,FR8,,MÉDITERRANÉE ,,,,1,6,832,847
854,FR81,FR81,,,Languedoc-Roussillon ,,,2,6,833,848
855,FR811,FR811,,,,Aude ,,3,6,834,849
856,FR812,FR812,,,,Gard ,,3,6,835,850
857,FR813,FR813,,,,Hérault ,,3,6,836,851
858,FR814,FR814,,,,Lozère ,,3,6,837,852
859,FR815,FR815,,,,Pyrénées-Orientales ,,3,6,838,853
860,FR82,FR82,,,Provence-Alpes-Côte d'Azur ,,,2,6,839,854
861,FR821,FR821,,,,Alpes-de-Haute-Provence,,3,6,840,855
862,FR822,FR822,,,,Hautes-Alpes ,,3,6,841,856
863,FR823,FR823,,,,Alpes-Maritimes ,,3,6,842,857
864,FR824,FR824,,,,Bouches-du-Rhône,,3,6,843,858
865,FR825,FR825,,,,Var ,,3,6,844,859
866,FR826,FR826,,,,Vaucluse,,3,6,845,860
867,FR83,FR83,,,Corse,,,2,6,846,861
868,FR831,FR831,,,,Corse-du-Sud,,3,6,847,862
869,FR832,FR832,,,,Haute-Corse,,3,6,848,863
870,FR9,FR9,,DÉPARTEMENTS D'OUTRE-MER,,,,1,6,849,864
871,FR91,FR91,,,Guadeloupe ,,,2,6,850,865
872,FR91,FR910,,,,Guadeloupe,Code change,3,6,851,866
873,FR92,FR92,,,Martinique ,,,2,6,852,867
874,FR92,FR920,,,,Martinique,Code change,3,6,853,868
875,FR93,FR93,,,Guyane,,,2,6,854,869
876,FR93,FR930,,,,Guyane,Code change,3,6,855,870
877,FR94,FR94,,,Réunion,,,2,6,856,871
878,FR94,FR940,,,,Réunion,Code change,3,6,857,872
879,,FRZ,,EXTRA-REGIO,,,New region,1,6,,873
880,,FRZZ,,,Extra-Regio,,New region,2,6,,874
881,,FRZZZ,,,,Extra-Regio,New region,3,6,,875
882,IE,IE,IRELAND,,,,,0,7,858,876
883,IE,IE0,,IRELAND,,,Code change,1,7,859,877
884,IE01,IE01,,,"Border, Midland and Western",,,2,7,860,878
885,IE011,IE011,,,,Border,,3,7,861,879
886,IE012,IE012,,,,Midland,,3,7,862,880
887,IE013,IE013,,,,West,,3,7,863,881
888,IE02,IE02,,,Southern and Eastern,,,2,7,864,882
889,IE021,IE021,,,,Dublin,,3,7,865,883
890,IE022,IE022,,,,Mid-East,,3,7,866,884
891,IE023,IE023,,,,Mid-West,,3,7,867,885
892,IE024,IE024,,,,South-East (IRL),,3,7,868,886
893,IE025,IE025,,,,South-West (IRL),,3,7,869,887
894,,IEZ,,EXTRA-REGIO,,,New region,1,7,,888
895,,IEZZ,,,Extra-Regio,,New region,2,7,,889
896,,IEZZZ,,,,Extra-Regio,New region,3,7,,890
897,IT,IT,ITALIA ,,,,,0,8,870,891
898,IT1,ITC (part),,NORD-OVEST ,,,Merged,1,8,871,
899,,ITC,,NORD-OVEST ,,,New region,1,8,,892
900,IT11,ITC1,,,Piemonte,,Code change,2,8,872,893
901,IT111,ITC11,,,,Torino,Code change,3,8,873,894
902,IT112,ITC12,,,,Vercelli,Code change,3,8,874,895
903,IT113,ITC13,,,,Biella,Code change,3,8,875,896
904,IT114,ITC14,,,,Verbano-Cusio-Ossola,Code change,3,8,876,897
905,IT115,ITC15,,,,Novara ,Code change,3,8,877,898
906,IT116,ITC16,,,,Cuneo,Code change,3,8,878,899
907,IT117,ITC17,,,,Asti ,Code change,3,8,879,900
908,IT118,ITC18,,,,Alessandria ,Code change,3,8,880,901
909,IT12,ITC2,,,Valle d'Aosta/Vallée d'Aoste,,Code change,2,8,881,902
910,IT120,ITC20,,,,Valle d'Aosta/Vallée d'Aoste,"Code change, name changes",3,8,882,903
911,IT13,ITC3,,,Liguria ,,Code change,2,8,883,904
912,IT131,ITC31,,,,Imperia ,Code change,3,8,884,905
913,IT132,ITC32,,,,Savona ,Code change,3,8,885,906
914,IT133,ITC33,,,,Genova ,Code change,3,8,886,907
915,IT134,ITC34,,,,La Spezia ,Code change,3,8,887,908
916,IT2,ITC (part),,LOMBARDIA,,,Merged,1,8,888,
917,IT2,ITC4,,,Lombardia,,Code change,2,8,889,909
918,IT201,ITC41,,,,Varese,Code change,3,8,890,910
919,IT202,ITC42,,,,Como ,Code change,3,8,891,911
920,IT203,ITC43,,,,Lecco,Code change,3,8,892,912
921,IT204,ITC44,,,,Sondrio ,Code change,3,8,893,913
922,IT205,ITC45,,,,Milano ,Code change,3,8,894,914
923,IT206,ITC46,,,,Bergamo ,Code change,3,8,895,915
924,IT207,ITC47,,,,Brescia,Code change,3,8,896,916
925,IT208,ITC48,,,,Pavia ,Code change,3,8,897,917
926,IT209,ITC49,,,,Lodi,Code change,3,8,898,918
927,IT20A,ITC4A,,,,Cremona,Code change,3,8,899,919
928,IT20B,ITC4B,,,,Mantova ,Code change,3,8,900,920
929,IT3,ITD (part),,NORD-EST ,,,Merged,1,8,901,
930,,ITD,,NORD-EST ,,,New region,1,8,,921
931,IT31,,,,Trentino-Alto Adige,,Split,2,8,902,
932,IT31 (part),ITD1,,,Provincia Autonoma Bolzano/Bozen ,,New region,2,8,,922
933,IT311,ITD10,,,,Bolzano-Bozen,Code change,3,8,903,923
934,IT31 (part),ITD2,,,Provincia Autonoma Trento,,New region,2,8,,924
935,IT312,ITD20,,,,Trento,Code change,3,8,904,925
936,IT32,ITD3,,,Veneto,,Code change,2,8,905,926
937,IT321,ITD31,,,,Verona ,Code change,3,8,906,927
938,IT322,ITD32,,,,Vicenza ,Code change,3,8,907,928
939,IT323,ITD33,,,,Belluno ,Code change,3,8,908,929
940,IT324,ITD34,,,,Treviso,Code change,3,8,909,930
941,IT325,ITD35,,,,Venezia,Code change,3,8,910,931
942,IT326,ITD36,,,,Padova ,Code change,3,8,911,932
943,IT327,ITD37,,,,Rovigo,Code change,3,8,912,933
944,IT33,ITD4,,,Friuli-Venezia Giulia ,,Code change,2,8,913,934
945,IT331,ITD41,,,,Pordenone ,Code change,3,8,914,935
946,IT332,ITD42,,,,Udine,Code change,3,8,915,936
947,IT333,ITD43,,,,Gorizia,Code change,3,8,916,937
948,IT334,ITD44,,,,Trieste ,Code change,3,8,917,938
949,IT4,ITD (part),,EMILIA-ROMAGNA,,,Merged,1,8,918,
950,IT4,ITD5,,,Emilia-Romagna,,Code change,2,8,919,939
951,IT401,ITD51,,,,Piacenza ,Code change,3,8,920,940
952,IT402,ITD52,,,,Parma ,Code change,3,8,921,941
953,IT403,ITD53,,,,Reggio nell'Emilia ,Code change,3,8,922,942
954,IT404,ITD54,,,,Modena ,Code change,3,8,923,943
955,IT405,ITD55,,,,Bologna ,Code change,3,8,924,944
956,IT406,ITD56,,,,Ferrara ,Code change,3,8,925,945
957,IT407,ITD57,,,,Ravenna ,Code change,3,8,926,946
958,IT408,ITD58,,,,Forlì-Cesena,Code change,3,8,927,947
959,IT409,ITD59,,,,Rimini,Code change,3,8,928,948
960,IT5,ITE (part),,CENTRO (I),,,Merged,1,8,929,
961, ,ITE,,CENTRO (I),,,New region,1,8,,949
962,IT51,ITE1,,,Toscana ,,Code change,2,8,930,950
963,IT511,ITE11,,,,Massa-Carrara,Code change,3,8,931,951
964,IT512,ITE12,,,,Lucca ,Code change,3,8,932,952
965,IT513,ITE13,,,,Pistoia ,Code change,3,8,933,953
966,IT514,ITE14,,,,Firenze,Code change,3,8,934,954
967,IT515,ITE15,,,,Prato,Code change,3,8,935,955
968,IT516,ITE16,,,,Livorno,Code change,3,8,936,956
969,IT517,ITE17,,,,Pisa,Code change,3,8,937,957
970,IT518,ITE18,,,,Arezzo,Code change,3,8,938,958
971,IT519,ITE19,,,,Siena ,Code change,3,8,939,959
972,IT51A,ITE1A,,,,Grosseto ,Code change,3,8,940,960
973,IT52,ITE2,,,Umbria ,,Code change,2,8,941,961
974,IT521,ITE21,,,,Perugia ,Code change,3,8,942,962
975,IT522,ITE22,,,,Terni,Code change,3,8,943,963
976,IT53,ITE3,,,Marche ,,Code change,2,8,944,964
977,IT531,ITE31,,,,Pesaro e Urbino ,Code change,3,8,945,965
978,IT532,ITE32,,,,Ancona ,Code change,3,8,946,966
979,IT533,ITE33,,,,Macerata ,Code change,3,8,947,967
980,IT534,ITE34,,,,Ascoli Piceno ,Code change,3,8,948,968
981,IT6,ITE (part),,LAZIO,,,Merged,1,8,949,
982,IT6,ITE4,,,Lazio,,Code change,2,8,950,969
983,IT601,ITE41,,,,Viterbo ,Code change,3,8,951,970
984,IT602,ITE42,,,,Rieti ,Code change,3,8,952,971
985,IT603,ITE43,,,,Roma ,Code change,3,8,953,972
986,IT604,ITE44,,,,Latina ,Code change,3,8,954,973
987,IT605,ITE45,,,,Frosinone ,Code change,3,8,955,974
988,IT7,ITF (part),,ABRUZZO-MOLISE,,,Merged,1,8,956,
989, ,ITF,,SUD,,,New region,1,8,,975
990,IT71,ITF1,,,Abruzzo,,Code change,2,8,957,976
991,IT711,ITF11,,,,L'Aquila ,Code change,3,8,958,977
992,IT712,ITF12,,,,Teramo ,Code change,3,8,959,978
993,IT713,ITF13,,,,Pescara ,Code change,3,8,960,979
994,IT714,ITF14,,,,Chieti,Code change,3,8,961,980
995,IT72,ITF2,,,Molise,,Code change,2,8,962,981
996,IT721,ITF21,,,,Isernia ,Code change,3,8,963,982
997,IT722,ITF22,,,,Campobasso ,Code change,3,8,964,983
998,IT8,ITF (part),,CAMPANIA,,,Merged,1,8,965,
999,IT8,ITF3,,,Campania,,Code change,2,8,966,984
1000,IT801,ITF31,,,,Caserta ,Code change,3,8,967,985
1001,IT802,ITF32,,,,Benevento,Code change,3,8,968,986
1002,IT803,ITF33,,,,Napoli ,Code change,3,8,969,987
1003,IT804,ITF34,,,,Avellino ,Code change,3,8,970,988
1004,IT805,ITF35,,,,Salerno ,Code change,3,8,971,989
1005,IT9,ITF (part),,SUD,,,Merged,1,8,972,
1006,IT91,ITF4,,,Puglia ,,Code change,2,8,973,990
1007,IT911,ITF41,,,,Foggia ,Code change,3,8,974,991
1008,IT912,ITF42,,,,Bari ,Code change,3,8,975,992
1009,IT913,ITF43,,,,Taranto ,Code change,3,8,976,993
1010,IT914,ITF44,,,,Brindisi ,Code change,3,8,977,994
1011,IT915,ITF45,,,,Lecce ,Code change,3,8,978,995
1012,IT92,ITF5,,,Basilicata ,,Code change,2,8,979,996
1013,IT921,ITF51,,,,Potenza ,Code change,3,8,980,997
1014,IT922,ITF52,,,,Matera ,Code change,3,8,981,998
1015,IT93,ITF6,,,Calabria ,,Code change,2,8,982,999
1016,IT931,ITF61,,,,Cosenza ,Code change,3,8,983,1000
1017,IT932,ITF62,,,,Crotone,Code change,3,8,984,1001
1018,IT933,ITF63,,,,Catanzaro ,Code change,3,8,985,1002
1019,IT934,ITF64,,,,Vibo Valentia,Code change,3,8,986,1003
1020,IT935,ITF65,,,,Reggio di Calabria ,Code change,3,8,987,1004
1021,ITA,ITG (part),,SICILIA,,,Merged,1,8,988,
1022,,ITG,,ISOLE,,,New region,1,8,,1005
1023,ITA,ITG1,,,Sicilia,,Code change,2,8,989,1006
1024,ITA01,ITG11,,,,Trapani ,Code change,3,8,990,1007
1025,ITA02,ITG12,,,,Palermo,Code change,3,8,991,1008
1026,ITA03,ITG13,,,,Messina ,Code change,3,8,992,1009
1027,ITA04,ITG14,,,,Agrigento,Code change,3,8,993,1010
1028,ITA05,ITG15,,,,Caltanissetta ,Code change,3,8,994,1011
1029,ITA06,ITG16,,,,Enna ,Code change,3,8,995,1012
1030,ITA07,ITG17,,,,Catania ,Code change,3,8,996,1013
1031,ITA08,ITG18,,,,Ragusa,Code change,3,8,997,1014
1032,ITA09,ITG19,,,,Siracusa ,Code change,3,8,998,1015
1033,ITB,ITG (part),,SARDEGNA,,,Merged,1,8,999,
1034,ITB,ITG2,,,Sardegna,,Code change,2,8,1000,1016
1035,ITB01,ITG21,,,,Sassari ,Code change,3,8,1001,1017
1036,ITB02,ITG22,,,,Nuoro ,Code change,3,8,1002,1018
1037,ITB03,ITG23,,,,Oristano ,Code change,3,8,1003,1019
1038,ITB04,ITG24,,,,Cagliari ,Code change,3,8,1004,1020
1039,,ITZ,,EXTRA-REGIO,,,New region,1,8,,1021
1040,,ITZZ,,,Extra-Regio,,New region,2,8,,1022
1041,,ITZZZ,,,,Extra-Regio,New region,3,8,,1023
1042,LU,LU,LUXEMBOURG (GRAND-DUCHÉ),,,,,0,9,1005,1024
1043,LU,LU0,,LUXEMBOURG (GRAND-DUCHÉ),,,Code change,1,9,1006,1025
1044,LU,LU00,,,Luxembourg (Grand-Duché),,Code change,2,9,1007,1026
1045,LU,LU000,,,,Luxembourg (Grand-Duché),Code change,3,9,1008,1027
1046,,LUZ,,EXTRA-REGIO,,,New region,1,9,,1028
1047,,LUZZ,,,Extra-Regio,,New region,2,9,,1029
1048,,LUZZZ,,,,Extra-Regio,New region,3,9,,1030
1049,NL,NL,NEDERLAND ,,,,,0,10,1009,1031
1050,NL1,NL1,,NOORD-NEDERLAND ,,,,1,10,1010,1032
1051,NL11,NL11,,,Groningen ,,,2,10,1011,1033
1052,NL111,NL111,,,,Oost-Groningen ,,3,10,1012,1034
1053,NL112,NL112,,,,Delfzijl en omgeving,,3,10,1013,1035
1054,NL113,NL113,,,,Overig Groningen ,,3,10,1014,1036
1055,NL12,NL12,,,Friesland ,,,2,10,1015,1037
1056,NL121,NL121,,,,Noord-Friesland ,,3,10,1016,1038
1057,NL122,NL122,,,,Zuidwest-Friesland ,,3,10,1017,1039
1058,NL123,NL123,,,,Zuidoost-Friesland ,,3,10,1018,1040
1059,NL13,NL13,,,Drenthe ,,,2,10,1019,1041
1060,NL131,NL131,,,,Noord-Drenthe ,,3,10,1020,1042
1061,NL132,NL132,,,,Zuidoost-Drenthe ,,3,10,1021,1043
1062,NL133,NL133,,,,Zuidwest-Drenthe ,,3,10,1022,1044
1063,NL2,NL2,,OOST-NEDERLAND,,,,1,10,1023,1045
1064,NL21,NL21,,,Overijssel ,,,2,10,1024,1046
1065,NL211,NL211,,,,Noord-Overijssel ,,3,10,1025,1047
1066,NL212,NL212,,,,Zuidwest-Overijssel ,,3,10,1026,1048
1067,NL213,NL213,,,,Twente ,,3,10,1027,1049
1068,NL22,NL22,,,Gelderland ,,,2,10,1028,1050
1069,NL221,NL221,,,,Veluwe ,,3,10,1029,1051
1070,NL222,NL222,,,,Achterhoek ,,3,10,1030,1052
1071,NL223,NL223,,,,Arnhem/Nijmegen ,,3,10,1031,1053
1072,NL224,NL224,,,,Zuidwest-Gelderland ,,3,10,1032,1054
1073,NL23,NL23,,,Flevoland ,,,2,10,1033,1055
1074,NL23,NL230,,,,Flevoland,Code change,3,10,1034,1056
1075,NL3,NL3,,WEST-NEDERLAND,,,,1,10,1035,1057
1076,NL31,NL31,,,Utrecht ,,,2,10,1036,1058
1077,NL31,NL310,,,,Utrecht,Code change,3,10,1037,1059
1078,NL32,NL32,,,Noord-Holland ,,,2,10,1038,1060
1079,NL321,NL321,,,,Kop van Noord-Holland,,3,10,1039,1061
1080,NL322,NL322,,,,Alkmaar en omgeving,,3,10,1040,1062
1081,NL323,NL323,,,,IJmond,,3,10,1041,1063
1082,NL324,NL324,,,,Agglomeratie Haarlem ,,3,10,1042,1064
1083,NL325,NL325,,,,Zaanstreek ,,3,10,1043,1065
1084,NL326,NL326,,,,Groot-Amsterdam ,,3,10,1044,1066
1085,NL327,NL327,,,,Het Gooi en Vechtstreek,,3,10,1045,1067
1086,NL33,NL33,,,Zuid-Holland ,,,2,10,1046,1068
1087,NL331,NL331,,,,Agglomeratie Leiden en Bollenstreek,,3,10,1047,1069
1088,NL332,NL332,,,,Agglomeratie 's-Gravenhage ,,3,10,1048,1070
1089,NL333,NL333,,,,Delft en Westland ,,3,10,1049,1071
1090,NL334,NL334,,,,Oost-Zuid-Holland,,3,10,1050,1072
1091,NL335,NL335,,,,Groot-Rijnmond ,,3,10,1051,1073
1092,NL336,NL336,,,,Zuidoost-Zuid-Holland,,3,10,1052,1074
1093,NL34,NL34,,,Zeeland ,,,2,10,1053,1075
1094,NL341,NL341,,,,Zeeuwsch-Vlaanderen ,,3,10,1054,1076
1095,NL342,NL342,,,,Overig Zeeland ,,3,10,1055,1077
1096,NL4,NL4,,ZUID-NEDERLAND ,,,,1,10,1056,1078
1097,NL41,NL41,,,Noord-Brabant ,,,2,10,1057,1079
1098,NL411,NL411,,,,West-Noord-Brabant,,3,10,1058,1080
1099,NL412,NL412,,,,Midden-Noord-Brabant,,3,10,1059,1081
1100,NL413,NL413,,,,Noordoost-Noord-Brabant,,3,10,1060,1082
1101,NL414,NL414,,,,Zuidoost-Noord-Brabant,,3,10,1061,1083
1102,NL42,NL42,,,Limburg (NL) ,,,2,10,1062,1084
1103,NL421,NL421,,,,Noord-Limburg ,,3,10,1063,1085
1104,NL422,NL422,,,,Midden-Limburg ,,3,10,1064,1086
1105,NL423,NL423,,,,Zuid-Limburg ,,3,10,1065,1087
1106,,NLZ,,EXTRA-REGIO,,,New region,1,10,,1088
1107,,NLZZ,,,Extra-Regio,,New region,2,10,,1089
1108,,NLZZZ,,,,Extra-Regio,New region,3,10,,1090
1109,AT,AT,ÖSTERREICH,,,,,0,11,1066,1091
1110,AT1,AT1,,OSTÖSTERREICH,,,,1,11,1067,1092
1111,AT11,AT11,,,Burgenland,,,2,11,1068,1093
1112,AT111,AT111,,,,Mittelburgenland,,3,11,1069,1094
1113,AT112,AT112,,,,Nordburgenland,,3,11,1070,1095
1114,AT113,AT113,,,,Südburgenland,,3,11,1071,1096
1115,AT12,AT12,,,Niederösterreich,,,2,11,1072,1097
1116,AT121,AT121,,,,Mostviertel-Eisenwurzen,,3,11,1073,1098
1117,AT122,AT122,,,,Niederösterreich-Süd,,3,11,1074,1099
1118,AT123,AT123,,,,Sankt Pölten,,3,11,1075,1100
1119,AT124,AT124,,,,Waldviertel,,3,11,1076,1101
1120,AT125,AT125,,,,Weinviertel,,3,11,1077,1102
1121,AT126,AT126,,,,Wiener Umland/Nordteil,,3,11,1078,1103
1122,AT127,AT127,,,,Wiener Umland/Südteil,,3,11,1079,1104
1123,AT13,AT13,,,Wien,,,2,11,1080,1105
1124,AT13,AT130,,,,Wien,Code change,3,11,1081,1106
1125,AT2,AT2,,SÜDÖSTERREICH,,,,1,11,1082,1107
1126,AT21,AT21,,,Kärnten,,,2,11,1083,1108
1127,AT211,AT211,,,,Klagenfurt-Villach,,3,11,1084,1109
1128,AT212,AT212,,,,Oberkärnten,,3,11,1085,1110
1129,AT213,AT213,,,,Unterkärnten,,3,11,1086,1111
1130,AT22,AT22,,,Steiermark,,,2,11,1087,1112
1131,AT221,AT221,,,,Graz,,3,11,1088,1113
1132,AT222,AT222,,,,Liezen,,3,11,1089,1114
1133,AT223,AT223,,,,Östliche Obersteiermark,,3,11,1090,1115
1134,AT224,AT224,,,,Oststeiermark,,3,11,1091,1116
1135,AT225,AT225,,,,West- und Südsteiermark,,3,11,1092,1117
1136,AT226,AT226,,,,Westliche Obersteiermark,,3,11,1093,1118
1137,AT3,AT3,,WESTÖSTERREICH,,,,1,11,1094,1119
1138,AT31,AT31,,,Oberösterreich,,,2,11,1095,1120
1139,AT311,AT311,,,,Innviertel,,3,11,1096,1121
1140,AT312,AT312,,,,Linz-Wels,,3,11,1097,1122
1141,AT313,AT313,,,,Mühlviertel,,3,11,1098,1123
1142,AT314,AT314,,,,Steyr-Kirchdorf,,3,11,1099,1124
1143,AT315,AT315,,,,Traunviertel,,3,11,1100,1125
1144,AT32,AT32,,,Salzburg,,,2,11,1101,1126
1145,AT321,AT321,,,,Lungau,,3,11,1102,1127
1146,AT322,AT322,,,,Pinzgau-Pongau,,3,11,1103,1128
1147,AT323,AT323,,,,Salzburg und Umgebung,,3,11,1104,1129
1148,AT33,AT33,,,Tirol,,,2,11,1105,1130
1149,AT331,AT331,,,,Außerfern,,3,11,1106,1131
1150,AT332,AT332,,,,Innsbruck,,3,11,1107,1132
1151,AT333,AT333,,,,Osttirol,,3,11,1108,1133
1152,AT334,AT334,,,,Tiroler Oberland,,3,11,1109,1134
1153,AT335,AT335,,,,Tiroler Unterland,,3,11,1110,1135
1154,AT34,AT34,,,Vorarlberg,,,2,11,1111,1136
1155,AT341,AT341,,,,Bludenz-Bregenzer Wald,,3,11,1112,1137
1156,AT342,AT342,,,,Rheintal-Bodenseegebiet,,3,11,1113,1138
1157,,ATZ,,EXTRA-REGIO,,,New region,1,11,,1139
1158,,ATZZ,,,Extra-Regio,,New region,2,11,,1140
1159,,ATZZZ,,,,Extra-Regio,New region,3,11,,1141
1160,PT,PT,PORTUGAL,,,,,0,12,1114,1142
1161,PT1,PT1,,CONTINENTE ,,,,1,12,1115,1143
1162,PT11,PT11,,,Norte ,,,2,12,1116,1144
1163,PT111,PT111,,,,Minho-Lima ,,3,12,1117,1145
1164,PT112,PT112,,,,Cávado ,,3,12,1118,1146
1165,PT113,PT113,,,,Ave ,,3,12,1119,1147
1166,PT114,PT114,,,,Grande Porto ,,3,12,1120,1148
1167,PT115,PT115,,,,Tâmega ,,3,12,1121,1149
1168,PT116,PT116,,,,Entre Douro e Vouga ,,3,12,1122,1150
1169,PT117,PT117,,,,Douro ,,3,12,1123,1151
1170,PT118,PT118,,,,Alto Trás-os-Montes ,,3,12,1124,1152
1171,PT12,PT16 (part),,,Centro (P) ,,Merged,2,12,1125,
1172,,PT16,,,Centro (P) ,,New region,2,12,,1155
1173,PT121,PT161,,,,Baixo Vouga ,Code change,3,12,1126,1156
1174,PT122,PT162,,,,Baixo Mondego ,Code change,3,12,1127,1157
1175,PT123,PT163,,,,Pinhal Litoral ,Code change,3,12,1128,1158
1176,PT124,PT164,,,,Pinhal Interior Norte ,Code change,3,12,1129,1159
1177,PT125,PT165,,,,Dâo-Lafôes,Code change,3,12,1130,1160
1178,PT126,PT166,,,,Pinhal Interior Sul,Code change,3,12,1131,1161
1179,PT127,PT167,,,,Serra da Estrela ,Code change,3,12,1132,1162
1180,PT128,PT168,,,,Beira Interior Norte ,Code change,3,12,1133,1163
1181,PT129,PT169,,,,Beira Interior Sul ,Code change,3,12,1134,1164
1182,PT12A,PT16A,,,,Cova da Beira ,Code change,3,12,1135,1165
1183,PT13,,,,Lisboa e Vale do Tejo,,Split,2,12,1136,
1184,PT131,PT16B,,,,Oeste,Code change,3,12,1137,1166
1185,PT134,PT16C,,,,Médio Tejo,Code change,3,12,1140,1167
1186,,PT17,,,Lisboa ,,New region,2,12,,1168
1187,PT132,PT171,,,,Grande Lisboa ,Code change,3,12,1138,1169
1188,PT133,PT172,,,,Península de Setúbal ,Code change,3,12,1139,1170
1189,PT14,PT18 (part),,,Alentejo ,,Merged,2,12,1142,
1190,,PT18,,,Alentejo ,,New region,2,12,,1171
1191,PT141,PT181,,,,Alentejo Litoral ,Code change,3,12,1143,1172
1192,PT142,PT182,,,,Alto Alentejo ,Code change,3,12,1144,1173
1193,PT143,PT183,,,,Alentejo Central ,Code change,3,12,1145,1174
1194,PT144,PT184,,,,Baixo Alentejo ,Code change,3,12,1146,1175
1195,PT135,PT185,,,,Leziria do Tejo,Code change,3,12,1141,1176
1196,PT15,PT15,,,Algarve,,,2,12,1147,1153
1197,PT15,PT150,,,,Algarve,Code change,3,12,1148,1154
1198,PT2,PT2,,Região Autónoma dos AÇORES ,,,,1,12,1149,1177
1199,PT2,PT20,,,Região Autónoma dos Açores,,Code change,2,12,1150,1178
1200,PT2,PT200,,,,Região Autónoma dos Açores,Code change,3,12,1151,1179
1201,PT3,PT3,,Região Autónoma da MADEIRA ,,,,1,12,1152,1180
1202,PT3,PT30,,,Região Autónoma da Madeira,,Code change,2,12,1153,1181
1203,PT3,PT300,,,,Região Autónoma da Madeira,Code change,3,12,1154,1182
1204,,PTZ,,EXTRA-REGIO,,,New region,1,12,,1183
1205,,PTZZ,,,Extra-Regio,,New region,2,12,,1184
1206,,PTZZZ,,,,Extra-Regio,New region,3,12,,1185
1207,FI,FI,SUOMI / FINLAND,,,,,0,13,1155,1186
1208,FI1,FI1,,MANNER-SUOMI,,,,1,13,1156,1187
1209,FI13,FI13,,,Itä-Suomi,,,2,13,1157,1188
1210,FI131,FI131,,,,Etelä-Savo,,3,13,1158,1189
1211,FI132,FI132,,,,Pohjois-Savo,,3,13,1159,1190
1212,FI133,FI133,,,,Pohjois-Karjala,,3,13,1160,1191
1213,FI134,FI134,,,,Kainuu,,3,13,1161,1192
1214,FI16,FI18 (part),,,Uusimaa,,Merged,2,13,1170,
1215,,FI18,,,Etelä-Suomi,,New region,2,13,,1193
1216,FI161,FI181,,,,Uusimaa,Code change,3,13,1171,1194
1217,FI162,FI182,,,,Itä-Uusimaa,Code change,3,13,1172,1195
1218,FI17,,,,Etelä-Suomi,,Split,2,13,1173,
1219,FI171,FI183,,,,Varsinais-Suomi,Code change,3,13,1174,1196
1220,FI173,FI184,,,,Kanta-Häme,Code change,3,13,1176,1197
1221,FI175,FI185,,,,Päijät-Häme,Code change,3,13,1178,1198
1222,FI176,FI186,,,,Kymenlaakso,Code change,3,13,1179,1199
1223,FI177,FI187,,,,Etelä-Karjala,Code change,3,13,1180,1200
1224,,FI19,,,Länsi-Suomi,,New region,2,13,,1201
1225,FI172,FI191,,,,Satakunta,Code change,3,13,1175,1202
1226,FI174,FI192,,,,Pirkanmaa,Code change,3,13,1177,1203
1227,FI14,,,,Väli-Suomi,,Split,2,13,1162,
1228,FI141,FI193,,,,Keski-Suomi,Code change,3,13,1163,1204
1229,FI142,FI194,,,,Etelä-Pohjanmaa,Code change,3,13,1164,1205
1230,FI143,FI195,,,,Pohjanmaa,Code change,3,13,1165,1206
1231,FI15,FI1A (part),,,Pohjois-Suomi,,Merged,2,13,1167,
1232,,FI1A,,,Pohjois-Suomi,,New region,2,13,,1207
1233,FI144,FI1A1,,,,Keski-Pohjanmaa,Code change,3,13,1166,1208
1234,FI151,FI1A2,,,,Pohjois-Pohjanmaa,Code change,3,13,1168,1209
1235,FI152,FI1A3,,,,Lappi,Code change,3,13,1169,1210
1236,FI2,FI2,,ÅLAND,,,,1,13,1181,1211
1237,FI2,FI20,,,Åland,,Code change,2,13,1182,1212
1238,FI2,FI200,,,,Åland,Code change,3,13,1183,1213
1239,,FIZ,,EXTRA-REGIO,,,New region,1,13,,1214
1240,,FIZZ,,,Extra-Regio,,New region,2,13,,1215
1241,,FIZZZ,,,,Extra-Regio,New region,3,13,,1216
1242,SE,SE,SVERIGE,,,,,0,14,1184,1217
1243,SE,SE0,,SVERIGE,,,Code change,1,14,1185,1218
1244,SE01,SE01,,,Stockholm,,,2,14,1186,1219
1245,SE011,SE010,,,,Stockholms län,Code change,3,14,1187,1220
1246,SE02,SE02,,,Östra Mellansverige,,,2,14,1188,1221
1247,SE021,SE021,,,,Uppsala län,,3,14,1189,1222
1248,SE022,SE022,,,,Södermanlands län,,3,14,1190,1223
1249,SE023,SE023,,,,Östergötlands län,,3,14,1191,1224
1250,SE024,SE024,,,,Örebro län,,3,14,1192,1225
1251,SE025,SE025,,,,Västmanlands län,,3,14,1193,1226
1252,SE04,SE04,,,Sydsverige,,,2,14,1194,1227
1253,SE041,SE041,,,,Blekinge län,,3,14,1195,1228
1254,SE044,SE044,,,,Skåne län,,3,14,1196,1229
1255,SE06,SE06,,,Norra Mellansverige,,,2,14,1197,1230
1256,SE061,SE061,,,,Värmlands län,,3,14,1198,1231
1257,SE062,SE062,,,,Dalarnas län,,3,14,1199,1232
1258,SE063,SE063,,,,Gävleborgs län,,3,14,1200,1233
1259,SE07,SE07,,,Mellersta Norrland,,,2,14,1201,1234
1260,SE071,SE071,,,,Västernorrlands län,,3,14,1202,1235
1261,SE072,SE072,,,,Jämtlands län,,3,14,1203,1236
1262,SE08,SE08,,,Övre Norrland,,,2,14,1204,1237
1263,SE081,SE081,,,,Västerbottens län,,3,14,1205,1238
1264,SE082,SE082,,,,Norrbottens län,,3,14,1206,1239
1265,SE09,SE09,,,Småland med öarna,,,2,14,1207,1240
1266,SE091,SE091,,,,Jönköpings län,,3,14,1208,1241
1267,SE092,SE092,,,,Kronobergs län,,3,14,1209,1242
1268,SE093,SE093,,,,Kalmar län,,3,14,1210,1243
1269,SE094,SE094,,,,Gotlands län,,3,14,1211,1244
1270,SE0A,SE0A,,,Västsverige,,,2,14,1212,1245
1271,SE0A1,SE0A1,,,,Hallands län,,3,14,1213,1246
1272,SE0A2,SE0A2,,,,Västra Götalands län,,3,14,1214,1247
1273,,SEZ,,EXTRA-REGIO,,,New region,1,14,,1248
1274,,SEZZ,,,Extra-Regio,,New region,2,14,,1249
1275,,SEZZZ,,,,Extra-Regio,New region,3,14,,1250
1276,UK,UK,UNITED KINGDOM,,,,,0,15,1215,1251
1277,UKC,UKC,,NORTH EAST,,,,1,15,1216,1252
1278,UKC1,UKC1,,,Tees Valley and Durham,,,2,15,1217,1253
1279,UKC11,UKC11,,,,Hartlepool and Stockton-on-Tees,,3,15,1218,1254
1280,UKC12,UKC12,,,,South Teesside ,,3,15,1219,1255
1281,UKC13,UKC13,,,,Darlington,,3,15,1220,1256
1282,UKC14,UKC14,,,,Durham CC,,3,15,1221,1257
1283,UKC2,UKC2,,,Northumberland and Tyne and Wear,,,2,15,1222,1258
1284,UKC21,UKC21,,,,Northumberland,,3,15,1223,1259
1285,UKC22,UKC22,,,,Tyneside,,3,15,1224,1260
1286,UKC23,UKC23,,,,Sunderland,,3,15,1225,1261
1287,UKD,UKD,,NORTH WEST ,,,,1,15,1226,1262
1288,UKD1,UKD1,,,Cumbria,,,2,15,1227,1263
1289,UKD11,UKD11,,,,West Cumbria,,3,15,1228,1264
1290,UKD12,UKD12,,,,East Cumbria,,3,15,1229,1265
1291,UKD2,UKD2,,,Cheshire,,,2,15,1230,1266
1292,UKD21,UKD21,,,,Halton and Warrington,,3,15,1231,1267
1293,UKD22,UKD22,,,,Cheshire CC,,3,15,1232,1268
1294,UKD3,UKD3,,,Greater Manchester,,,2,15,1233,1269
1295,UKD31,UKD31,,,,Greater Manchester South,,3,15,1234,1270
1296,UKD32,UKD32,,,,Greater Manchester North,,3,15,1235,1271
1297,UKD4,UKD4,,,Lancashire,,,2,15,1236,1272
1298,UKD41,UKD41,,,,Blackburn with Darwen,,3,15,1237,1273
1299,UKD42,UKD42,,,,Blackpool,,3,15,1238,1274
1300,UKD43,UKD43,,,,Lancashire CC,,3,15,1239,1275
1301,UKD5,UKD5,,,Merseyside,,,2,15,1240,1276
1302,UKD51,UKD51,,,,East Merseyside,,3,15,1241,1277
1303,UKD52,UKD52,,,,Liverpool,,3,15,1242,1278
1304,UKD53,UKD53,,,,Sefton,,3,15,1243,1279
1305,UKD54,UKD54,,,,Wirral,,3,15,1244,1280
1306,UKE,UKE,,YORKSHIRE AND THE HUMBER,,,,1,15,1245,1281
1307,UKE1,UKE1,,,East Riding and North Lincolnshire,,,2,15,1246,1282
1308,UKE11,UKE11,,,,"Kingston upon Hull, City of ",,3,15,1247,1283
1309,UKE12,UKE12,,,,East Riding of Yorkshire,,3,15,1248,1284
1310,UKE13,UKE13,,,,North and North East Lincolnshire,,3,15,1249,1285
1311,UKE2,UKE2,,,North Yorkshire,,,2,15,1250,1286
1312,UKE21,UKE21,,,,York ,,3,15,1251,1287
1313,UKE22,UKE22,,,,North Yorkshire CC,,3,15,1252,1288
1314,UKE3,UKE3,,,South Yorkshire,,,2,15,1253,1289
1315,UKE31,UKE31,,,,"Barnsley, Doncaster and Rotherham",,3,15,1254,1290
1316,UKE32,UKE32,,,,Sheffield,,3,15,1255,1291
1317,UKE4,UKE4,,,West Yorkshire,,,2,15,1256,1292
1318,UKE41,UKE41,,,,Bradford,,3,15,1257,1293
1319,UKE42,UKE42,,,,Leeds,,3,15,1258,1294
1320,UKE43,UKE43,,,,"Calderdale, Kirklees and Wakefield",,3,15,1259,1295
1321,UKF,UKF,,EAST MIDLANDS,,,,1,15,1260,1296
1322,UKF1,UKF1,,,Derbyshire and Nottinghamshire,,,2,15,1261,1297
1323,UKF11,UKF11,,,,Derby ,,3,15,1262,1298
1324,UKF12,UKF12,,,,East Derbyshire,,3,15,1263,1299
1325,UKF13,UKF13,,,,South and West Derbyshire,,3,15,1264,1300
1326,UKF14,UKF14,,,,Nottingham,,3,15,1265,1301
1327,UKF15,UKF15,,,,North Nottinghamshire,,3,15,1266,1302
1328,UKF16,UKF16,,,,South Nottinghamshire,,3,15,1267,1303
1329,UKF2,UKF2,,,"Leicestershire, Rutland and Northamptonshire",,,2,15,1268,1304
1330,UKF21,UKF21,,,,Leicester ,,3,15,1269,1305
1331,UKF22,UKF22,,,,Leicestershire CC and Rutland,,3,15,1270,1306
1332,UKF23,UKF23,,,,Northamptonshire,,3,15,1271,1307
1333,UKF3,UKF3,,,Lincolnshire,,,2,15,1272,1308
1334,UKF3,UKF30,,,,Lincolnshire,Code change,3,15,1273,1309
1335,UKG,UKG,,WEST MIDLANDS,,,,1,15,1274,1310
1336,UKG1,UKG1,,,"Herefordshire, Worcestershire and Warwickshire",,,2,15,1275,1311
1337,UKG11,UKG11,,,,"Herefordshire, County of",,3,15,1276,1312
1338,UKG12,UKG12,,,,Worcestershire,,3,15,1277,1313
1339,UKG13,UKG13,,,,Warwickshire,,3,15,1278,1314
1340,UKG2,UKG2,,,Shropshire and Staffordshire,,,2,15,1279,1315
1341,UKG21,UKG21,,,,Telford and Wrekin,,3,15,1280,1316
1342,UKG22,UKG22,,,,Shropshire CC,,3,15,1281,1317
1343,UKG23,UKG23,,,,Stoke-on-Trent,,3,15,1282,1318
1344,UKG24,UKG24,,,,Staffordshire CC,,3,15,1283,1319
1345,UKG3,UKG3,,,West Midlands,,,2,15,1284,1320
1346,UKG31,UKG31,,,,Birmingham,,3,15,1285,1321
1347,UKG32,UKG32,,,,Solihull,,3,15,1286,1322
1348,UKG33,UKG33,,,,Coventry,,3,15,1287,1323
1349,UKG34,UKG34,,,,Dudley and Sandwell,,3,15,1288,1324
1350,UKG35,UKG35,,,,Walsall and Wolverhampton,,3,15,1289,1325
1351,UKH,UKH,,EAST OF ENGLAND,,,,1,15,1290,1326
1352,UKH1,UKH1,,,East Anglia,,,2,15,1291,1327
1353,UKH11,UKH11,,,,Peterborough,,3,15,1292,1328
1354,UKH12,UKH12,,,,Cambridgeshire CC,,3,15,1293,1329
1355,UKH13,UKH13,,,,Norfolk,,3,15,1294,1330
1356,UKH14,UKH14,,,,Suffolk,,3,15,1295,1331
1357,UKH2,UKH2,,,Bedfordshire and Hertfordshire,,,2,15,1296,1332
1358,UKH21,UKH21,,,,Luton,,3,15,1297,1333
1359,UKH22,UKH22,,,,Bedfordshire CC ,,3,15,1298,1334
1360,UKH23,UKH23,,,,Hertfordshire,,3,15,1299,1335
1361,UKH3,UKH3,,,Essex,,,2,15,1300,1336
1362,UKH31,UKH31,,,,Southend-on-Sea,,3,15,1301,1337
1363,UKH32,UKH32,,,,Thurrock,,3,15,1302,1338
1364,UKH33,UKH33,,,,Essex CC ,,3,15,1303,1339
1365,UKI,UKI,,LONDON,,,,1,15,1304,1340
1366,UKI1,UKI1,,,Inner London,,,2,15,1305,1341
1367,UKI11,UKI11,,,,Inner London - West,,3,15,1306,1342
1368,UKI12,UKI12,,,,Inner London - East,,3,15,1307,1343
1369,UKI2,UKI2,,,Outer London,,,2,15,1308,1344
1370,UKI21,UKI21,,,,Outer London - East and North East,,3,15,1309,1345
1371,UKI22,UKI22,,,,Outer London - South,,3,15,1310,1346
1372,UKI23,UKI23,,,,Outer London - West and North West,,3,15,1311,1347
1373,UKJ,UKJ,,SOUTH EAST,,,,1,15,1312,1348
1374,UKJ1,UKJ1,,,"Berkshire, Buckinghamshire and Oxfordshire",,,2,15,1313,1349
1375,UKJ11,UKJ11,,,,Berkshire,,3,15,1314,1350
1376,UKJ12,UKJ12,,,,Milton Keynes,,3,15,1315,1351
1377,UKJ13,UKJ13,,,,Buckinghamshire CC,,3,15,1316,1352
1378,UKJ14,UKJ14,,,,Oxfordshire,,3,15,1317,1353
1379,UKJ2,UKJ2,,,"Surrey, East and West Sussex",,,2,15,1318,1354
1380,UKJ21,UKJ21,,,,Brighton and Hove,,3,15,1319,1355
1381,UKJ22,UKJ22,,,,East Sussex CC,,3,15,1320,1356
1382,UKJ23,UKJ23,,,,Surrey,,3,15,1321,1357
1383,UKJ24,UKJ24,,,,West Sussex,,3,15,1322,1358
1384,UKJ3,UKJ3,,,Hampshire and Isle of Wight,,,2,15,1323,1359
1385,UKJ31,UKJ31,,,,Portsmouth,,3,15,1324,1360
1386,UKJ32,UKJ32,,,,Southampton,,3,15,1325,1361
1387,UKJ33,UKJ33,,,,Hampshire CC,,3,15,1326,1362
1388,UKJ34,UKJ34,,,,Isle of Wight,,3,15,1327,1363
1389,UKJ4,UKJ4,,,Kent,,,2,15,1328,1364
1390,UKJ41,UKJ41,,,,Medway ,,3,15,1329,1365
1391,UKJ42,UKJ42,,,,Kent CC,,3,15,1330,1366
1392,UKK,UKK,,SOUTH WEST,,,,1,15,1331,1367
1393,UKK1,UKK1,,,"Gloucestershire, Wiltshire and North Somerset",,,2,15,1332,1368
1394,UKK11,UKK11,,,,"Bristol, City of",,3,15,1333,1369
1395,UKK12,UKK12,,,,"North and North East Somerset, South Gloucestershire",,3,15,1334,1370
1396,UKK13,UKK13,,,,Gloucestershire,,3,15,1335,1371
1397,UKK14,UKK14,,,,Swindon,,3,15,1336,1372
1398,UKK15,UKK15,,,,Wiltshire CC,,3,15,1337,1373
1399,UKK2,UKK2,,,Dorset and Somerset,,,2,15,1338,1374
1400,UKK21,UKK21,,,,Bournemouth and Poole,,3,15,1339,1375
1401,UKK22,UKK22,,,,Dorset CC ,,3,15,1340,1376
1402,UKK23,UKK23,,,,Somerset,,3,15,1341,1377
1403,UKK3,UKK3,,,Cornwall and Isles of Scilly,,,2,15,1342,1378
1404,UKK3,UKK30,,,,Cornwall and Isles of Scilly,Code change,3,15,1343,1379
1405,UKK4,UKK4,,,Devon,,,2,15,1344,1380
1406,UKK41,UKK41,,,,Plymouth,,3,15,1345,1381
1407,UKK42,UKK42,,,,Torbay,,3,15,1346,1382
1408,UKK43,UKK43,,,,Devon CC,,3,15,1347,1383
1409,UKL,UKL,,WALES,,,,1,15,1348,1384
1410,UKL1,UKL1,,,West Wales and The Valleys,,,2,15,1349,1385
1411,UKL11,UKL11,,,,Isle of Anglesey,,3,15,1350,1386
1412,UKL12,UKL12,,,,Gwynedd,,3,15,1351,1387
1413,UKL13,UKL13,,,,Conwy and Denbighshire,,3,15,1352,1388
1414,UKL14,UKL14,,,,South West Wales,,3,15,1353,1389
1415,UKL15,UKL15,,,,Central Valleys,,3,15,1354,1390
1416,UKL16,UKL16,,,,Gwent Valleys,,3,15,1355,1391
1417,UKL17,UKL17,,,,Bridgend and Neath Port Talbot,,3,15,1356,1392
1418,UKL18,UKL18,,,,Swansea,,3,15,1357,1393
1419,UKL2,UKL2,,,East Wales,,,2,15,1358,1394
1420,UKL21,UKL21,,,,Monmouthshire and Newport,,3,15,1359,1395
1421,UKL22,UKL22,,,,Cardiff and Vale of Glamorgan,,3,15,1360,1396
1422,UKL23,UKL23,,,,Flintshire and Wrexham,,3,15,1361,1397
1423,UKL24,UKL24,,,,Powys,,3,15,1362,1398
1424,UKM,UKM,,SCOTLAND,,,,1,15,1363,1399
1425,UKM1,UKM1,,,North Eastern Scotland,,,2,15,1364,1400
1426,UKM11,UKM10,,,,"Aberdeen City, Aberdeenshire and North East Moray",Code change,3,15,1365,1401
1427,UKM2,UKM2,,,Eastern Scotland,,,2,15,1366,1402
1428,UKM21,UKM21,,,,Angus and Dundee City,,3,15,1367,1403
1429,UKM22,UKM22,,,,Clackmannanshire and Fife,,3,15,1368,1404
1430,UKM23,UKM23,,,,East Lothian and Midlothian,,3,15,1369,1405
1431,UKM24,UKM24,,,,"Scottish Borders, The",,3,15,1370,1406
1432,UKM25,UKM25,,,,"Edinburgh, City of",,3,15,1371,1407
1433,UKM26,UKM26,,,,Falkirk,,3,15,1372,1408
1434,UKM27,UKM27,,,,Perth and Kinross and Stirling,,3,15,1373,1409
1435,UKM28,UKM28,,,,West Lothian,,3,15,1374,1410
1436,UKM3,UKM3,,,South Western Scotland,,,2,15,1375,1411
1437,UKM31,UKM31,,,,"East and West Dunbartonshire, Helensburgh and Lomond",,3,15,1376,1412
1438,UKM32,UKM32,,,,Dumfries and Galloway,,3,15,1377,1413
1439,UKM33,UKM33,,,,East Ayrshire and North Ayrshire Mainland,,3,15,1378,1414
1440,UKM34,UKM34,,,,Glasgow City,,3,15,1379,1415
1441,UKM35,UKM35,,,,"Inverclyde, East Renfrewshire and Renfrewshire",,3,15,1380,1416
1442,UKM36,UKM36,,,,North Lanarkshire,,3,15,1381,1417
1443,UKM37,UKM37,,,,South Ayrshire,,3,15,1382,1418
1444,UKM38,UKM38,,,,South Lanarkshire,,3,15,1383,1419
1445,UKM4,UKM4,,,Highlands and Islands,,,2,15,1384,1420
1446,UKM41,UKM41,,,,Caithness and Sutherland and Ross and Cromarty,,3,15,1385,1421
1447,UKM42,UKM42,,,,"Inverness and Nairn and Moray, Badenoch and Strathspey",,3,15,1386,1422
1448,UKM43,UKM43,,,,"Lochaber, Skye and Lochalsh and Argyll and the Islands",,3,15,1387,1423
1449,UKM44,UKM44,,,,Eilean Siar (Western Isles),,3,15,1388,1424
1450,UKM45,UKM45,,,,Orkney Islands,,3,15,1389,1425
1451,UKM46,UKM46,,,,Shetland Islands,,3,15,1390,1426
1452,UKN,UKN,,NORTHERN IRELAND,,,,1,15,1391,1427
1453,UKN,UKN0,,,Northern Ireland,,Code change,2,15,1392,1428
1454,UKN01,UKN01,,,,Belfast,,3,15,1393,1429
1455,UKN02,UKN02,,,,Outer Belfast,,3,15,1394,1430
1456,UKN03,UKN03,,,,East of Northern Ireland,,3,15,1395,1431
1457,UKN04,UKN04,,,,North of Northern Ireland,,3,15,1396,1432
1458,UKN05,UKN05,,,,West and South of Northern Ireland,,3,15,1397,1433
1459,,UKZ,,EXTRA-REGIO,,,New region,1,15,,1434
1460,,UKZZ,,,Extra-Regio,,New region,2,15,,1435
1461,,UKZZZ,,,,Extra-Regio,New region,3,15,,1436
,,,,,,,,,,,
,,,,,,,,,,,
,,Note: NUTS 2003 codes in italics and with the note (part) are created from whole NUTS 1999 regions. ,,,,,,,,,
,,Data can thus be aggregated from NUTS 1999 to NUTS 2003 for these regions,,,,,,,,,
